"Time","ProcessId","ProcessStart","CpuSeconds","WorkingSetBytes","PeakWorkingSetBytes","ThreadCount","AvailablePhysicalBytes","SampleIsPartial"
"2026-09-07T16:03:01.6107915+08:00","46852","2026-09-07T16:01:49.6826283+08:00","924.390625","3212025856","3321167872","166","5907193856","True"
"2026-09-07T16:03:32.5032534+08:00","46852","2026-09-07T16:01:49.6826283+08:00","1361.484375","3265232896","3356594176","166","5694832640","True"
"2026-09-07T16:04:03.2664207+08:00","46852","2026-09-07T16:01:49.6826283+08:00","1806.109375","3298959360","3396493312","164","6092361728","True"
"2026-09-07T16:04:34.0652860+08:00","46852","2026-09-07T16:01:49.6826283+08:00","2254.296875","3258404864","3400925184","163","5937754112","True"
"2026-09-07T16:05:04.7553275+08:00","46852","2026-09-07T16:01:49.6826283+08:00","2695.828125","3275907072","3403354112","163","5417783296","True"
"2026-09-07T16:05:35.5120881+08:00","46852","2026-09-07T16:01:49.6826283+08:00","3140.578125","3292721152","3403354112","167","5528481792","True"
"2026-09-07T16:06:06.3102426+08:00","46852","2026-09-07T16:01:49.6826283+08:00","3584.46875","3237883904","3404009472","166","5563625472","True"
"2026-09-07T16:06:37.0793296+08:00","46852","2026-09-07T16:01:49.6826283+08:00","4030.703125","3327791104","3404009472","165","5596663808","True"
"2026-09-07T16:07:07.8034212+08:00","46852","2026-09-07T16:01:49.6826283+08:00","4476.796875","3294035968","3404087296","166","5657100288","True"
"2026-09-07T16:07:38.5432570+08:00","46852","2026-09-07T16:01:49.6826283+08:00","4924.765625","3324596224","3416424448","164","5803294720","True"
"2026-09-07T16:08:09.2282422+08:00","46852","2026-09-07T16:01:49.6826283+08:00","5367.109375","3187634176","3416424448","164","5649678336","True"
"2026-09-07T16:08:39.9731979+08:00","46852","2026-09-07T16:01:49.6826283+08:00","5797.8125","3287494656","3416424448","163","5481496576","True"
"2026-09-07T16:09:10.7435031+08:00","46852","2026-09-07T16:01:49.6826283+08:00","6238.28125","3218755584","3416424448","164","5407424512","True"
"2026-09-07T16:09:41.5066058+08:00","46852","2026-09-07T16:01:49.6826283+08:00","6681.09375","3239014400","3416424448","162","5292937216","True"
"2026-09-07T16:10:12.1975632+08:00","46852","2026-09-07T16:01:49.6826283+08:00","7125.59375","3228786688","3416424448","162","5383434240","True"
"2026-09-07T16:10:43.0467185+08:00","46852","2026-09-07T16:01:49.6826283+08:00","7571.734375","3265310720","3416424448","163","5345697792","True"
"2026-09-07T16:11:13.7353763+08:00","46852","2026-09-07T16:01:49.6826283+08:00","8011","3331395584","3416424448","162","4424470528","True"
"2026-09-07T16:11:44.5534290+08:00","46852","2026-09-07T16:01:49.6826283+08:00","8453","3290259456","3433963520","162","5049860096","True"
"2026-09-07T16:12:15.2972288+08:00","46852","2026-09-07T16:01:49.6826283+08:00","8902.84375","3355508736","3433963520","163","4943065088","True"
"2026-09-07T16:12:45.9618801+08:00","46852","2026-09-07T16:01:49.6826283+08:00","9344.234375","3308109824","3433963520","162","5104951296","True"
"2026-09-07T16:13:16.6287614+08:00","46852","2026-09-07T16:01:49.6826283+08:00","9795.640625","3269758976","3436318720","159","5140369408","True"
"2026-09-07T16:13:47.3340294+08:00","46852","2026-09-07T16:01:49.6826283+08:00","10238.0625","3273924608","3436318720","160","5360828416","True"
"2026-09-07T16:14:18.0821245+08:00","46852","2026-09-07T16:01:49.6826283+08:00","10680.59375","3320774656","3436318720","160","4856864768","True"
"2026-09-07T16:14:48.7813509+08:00","46852","2026-09-07T16:01:49.6826283+08:00","11129.40625","3280359424","3436318720","160","5275283456","True"
"2026-09-07T16:15:19.5466968+08:00","46852","2026-09-07T16:01:49.6826283+08:00","11568.8125","3350433792","3436318720","159","4963672064","True"
"2026-09-07T16:15:50.1762310+08:00","46852","2026-09-07T16:01:49.6826283+08:00","12012.46875","3360337920","3436318720","159","5140361216","True"
"2026-09-07T16:16:20.8401171+08:00","46852","2026-09-07T16:01:49.6826283+08:00","12465.9375","3295010816","3436318720","159","5172391936","True"
"2026-09-07T16:16:51.5534161+08:00","46852","2026-09-07T16:01:49.6826283+08:00","12919.15625","3360165888","3436318720","159","5243830272","True"
"2026-09-07T16:17:22.1979758+08:00","46852","2026-09-07T16:01:49.6826283+08:00","13370.71875","3273400320","3436318720","159","5454622720","True"
"2026-09-07T16:17:52.8524687+08:00","46852","2026-09-07T16:01:49.6826283+08:00","13824.171875","3346759680","3436318720","159","5326954496","True"
"2026-09-07T16:18:23.5261922+08:00","46852","2026-09-07T16:01:49.6826283+08:00","14274.59375","3288678400","3436318720","159","5367062528","True"
"2026-09-07T16:18:54.1492515+08:00","46852","2026-09-07T16:01:49.6826283+08:00","14726.21875","3320676352","3437031424","159","5362638848","True"
"2026-09-07T16:19:24.8514283+08:00","46852","2026-09-07T16:01:49.6826283+08:00","15174.09375","3286908928","3437031424","159","4666494976","True"
"2026-09-07T16:19:55.5471820+08:00","46852","2026-09-07T16:01:49.6826283+08:00","15626.625","3293839360","3437031424","159","4649144320","True"
"2026-09-07T16:20:26.2074719+08:00","46852","2026-09-07T16:01:49.6826283+08:00","16078.75","3279998976","3437031424","159","5130104832","True"
"2026-09-07T16:20:56.8381323+08:00","46852","2026-09-07T16:01:49.6826283+08:00","16529.484375","3312803840","3437031424","159","5224374272","True"
"2026-09-07T16:21:27.4931663+08:00","46852","2026-09-07T16:01:49.6826283+08:00","16982.296875","3343544320","3437031424","159","5429743616","True"
"2026-09-07T16:21:58.1351521+08:00","46852","2026-09-07T16:01:49.6826283+08:00","17434.578125","3348099072","3437031424","159","5470580736","True"
"2026-09-07T16:22:28.7529569+08:00","46852","2026-09-07T16:01:49.6826283+08:00","17889","3339710464","3437031424","159","5485481984","True"
"2026-09-07T16:22:59.3710955+08:00","46852","2026-09-07T16:01:49.6826283+08:00","18339.96875","3307446272","3437031424","159","5457985536","True"
"2026-09-07T16:23:30.0732867+08:00","46852","2026-09-07T16:01:49.6826283+08:00","18794.375","3345170432","3437031424","159","5438410752","True"
"2026-09-07T16:24:00.7993691+08:00","46852","2026-09-07T16:01:49.6826283+08:00","19246.65625","3323367424","3437248512","159","5420335104","True"
"2026-09-07T16:24:31.5654510+08:00","46852","2026-09-07T16:01:49.6826283+08:00","19700.53125","3328090112","3438882816","159","5314113536","True"
"2026-09-07T16:25:02.1374209+08:00","46852","2026-09-07T16:01:49.6826283+08:00","20149.8125","3312955392","3439992832","159","4824051712","True"
"2026-09-07T16:25:32.7185771+08:00","46852","2026-09-07T16:01:49.6826283+08:00","20596.75","3337101312","3443122176","159","4954288128","True"
"2026-09-07T16:26:03.5392131+08:00","46852","2026-09-07T16:01:49.6826283+08:00","21035.09375","3295866880","3443122176","159","5212954624","True"
"2026-09-07T16:26:34.2695706+08:00","46852","2026-09-07T16:01:49.6826283+08:00","21480.5","3286450176","3443122176","159","5249466368","True"
"2026-09-07T16:27:04.9882993+08:00","46852","2026-09-07T16:01:49.6826283+08:00","21925.78125","3330387968","3443122176","159","5122437120","True"
"2026-09-07T16:27:35.7174237+08:00","46852","2026-09-07T16:01:49.6826283+08:00","22369.46875","3306176512","3443122176","159","4896174080","True"
"2026-09-07T16:28:06.4190616+08:00","46852","2026-09-07T16:01:49.6826283+08:00","22812.703125","3325014016","3443122176","159","5160419328","True"
"2026-09-07T16:28:37.1609858+08:00","46852","2026-09-07T16:01:49.6826283+08:00","23260.65625","3330048000","3444686848","159","5364264960","True"
"2026-09-07T16:29:07.7911403+08:00","46852","2026-09-07T16:01:49.6826283+08:00","23705.8125","3385737216","3449663488","159","5091794944","True"
"2026-09-07T16:29:38.4653462+08:00","46852","2026-09-07T16:01:49.6826283+08:00","24148.703125","3381989376","3449663488","159","5191675904","True"
"2026-09-07T16:30:09.1426978+08:00","46852","2026-09-07T16:01:49.6826283+08:00","24595.5","3395305472","3449667584","159","5239152640","True"
"2026-09-07T16:30:39.7554918+08:00","46852","2026-09-07T16:01:49.6826283+08:00","25039.640625","3329847296","3467264000","159","5037367296","True"
"2026-09-07T16:31:10.5146524+08:00","46852","2026-09-07T16:01:49.6826283+08:00","25484.765625","3372285952","3471593472","159","5261533184","True"
"2026-09-07T16:31:41.2459100+08:00","46852","2026-09-07T16:01:49.6826283+08:00","25933.96875","3388854272","3474567168","159","5433446400","True"
"2026-09-07T16:32:11.7741329+08:00","46852","2026-09-07T16:01:49.6826283+08:00","26376.75","2436366336","3474567168","159","6788972544","True"
"2026-09-07T16:32:42.4468889+08:00","46852","2026-09-07T16:01:49.6826283+08:00","26827.453125","2435825664","3474567168","159","6678859776","True"
"2026-09-07T16:33:13.1741811+08:00","46852","2026-09-07T16:01:49.6826283+08:00","27278.25","2433810432","3474567168","159","6635102208","True"
"2026-09-07T16:33:43.8076340+08:00","46852","2026-09-07T16:01:49.6826283+08:00","27712.796875","2494566400","3474567168","159","5527158784","True"
"2026-09-07T16:34:14.4942593+08:00","46852","2026-09-07T16:01:49.6826283+08:00","28130.828125","2526826496","3474567168","159","5431697408","True"
"2026-09-07T16:34:45.0461289+08:00","46852","2026-09-07T16:01:49.6826283+08:00","28550.671875","2536529920","3474567168","159","5269639168","True"
"2026-09-07T16:35:15.6045125+08:00","46852","2026-09-07T16:01:49.6826283+08:00","28965.796875","2468954112","3474567168","159","5015265280","True"
"2026-09-07T16:35:45.9842529+08:00","46852","2026-09-07T16:01:49.6826283+08:00","29384.375","2468995072","3474567168","159","5388611584","True"
"2026-09-07T16:36:16.4857042+08:00","46852","2026-09-07T16:01:49.6826283+08:00","29763.359375","2520387584","3474567168","159","5271777280","True"
"2026-09-07T16:36:46.9427834+08:00","46852","2026-09-07T16:01:49.6826283+08:00","30125.953125","2524131328","3474567168","159","5437779968","True"
"2026-09-07T16:37:17.5552407+08:00","46852","2026-09-07T16:01:49.6826283+08:00","30487.46875","1641574400","3474567168","159","6122627072","True"
"2026-09-07T16:37:48.0345548+08:00","46852","2026-09-07T16:01:49.6826283+08:00","30837.46875","1633320960","3474567168","159","6057189376","True"
"2026-09-07T16:38:18.6360501+08:00","46852","2026-09-07T16:01:49.6826283+08:00","31142.796875","1626988544","3474567168","159","5898661888","True"
"2026-09-07T16:38:49.1355145+08:00","46852","2026-09-07T16:01:49.6826283+08:00","31438.796875","1613594624","3474567168","159","5675143168","True"
"2026-09-07T16:39:19.5549375+08:00","46852","2026-09-07T16:01:49.6826283+08:00","31716.40625","1630060544","3474567168","159","5899567104","True"
"2026-09-07T16:39:49.8865040+08:00","46852","2026-09-07T16:01:49.6826283+08:00","31954.328125","1602551808","3474567168","159","5875499008","True"
"2026-09-07T16:40:20.1465412+08:00","46852","2026-09-07T16:01:49.6826283+08:00","32118.234375","1614413824","3474567168","159","5240053760","True"
"2026-09-07T16:40:50.4621809+08:00","46852","2026-09-07T16:01:49.6826283+08:00","32252.734375","1625509888","3474567168","159","5438820352","True"
"2026-09-07T16:41:20.7940784+08:00","46852","2026-09-07T16:01:49.6826283+08:00","32411.859375","1632169984","3474567168","159","5544087552","True"
"2026-09-07T16:41:51.5320691+08:00","46852","2026-09-07T16:01:49.6826283+08:00","32639.25","1927491584","3474567168","159","5076471808","True"
"2026-09-07T16:42:22.2702134+08:00","46852","2026-09-07T16:01:49.6826283+08:00","33085.359375","1840541696","3474567168","159","5733220352","True"
"2026-09-07T16:42:52.9147159+08:00","46852","2026-09-07T16:01:49.6826283+08:00","33530.8125","1813860352","3474567168","159","5433409536","True"
"2026-09-07T16:43:23.5417645+08:00","46852","2026-09-07T16:01:49.6826283+08:00","33972.390625","1683341312","3474567168","159","5272735744","True"
"2026-09-07T16:43:54.2099067+08:00","46852","2026-09-07T16:01:49.6826283+08:00","34407.78125","1810202624","3474567168","159","4966944768","True"
"2026-09-07T16:44:25.0123361+08:00","46852","2026-09-07T16:01:49.6826283+08:00","34834.28125","1767170048","3474567168","159","4185374720","True"
"2026-09-07T16:44:55.7566925+08:00","46852","2026-09-07T16:01:49.6826283+08:00","35270.625","1758244864","3474567168","159","3921633280","True"
"2026-09-07T16:45:26.5846864+08:00","46852","2026-09-07T16:01:49.6826283+08:00","35710.71875","1772150784","3474567168","159","4227194880","True"
"2026-09-07T16:45:57.2786243+08:00","46852","2026-09-07T16:01:49.6826283+08:00","36153.671875","1778667520","3474567168","159","4428570624","True"
"2026-09-07T16:46:27.9737813+08:00","46852","2026-09-07T16:01:49.6826283+08:00","36591.59375","1754849280","3474567168","159","4210094080","True"
"2026-09-07T16:46:58.8858118+08:00","46852","2026-09-07T16:01:49.6826283+08:00","37031.640625","1743515648","3474567168","159","4344029184","True"
"2026-09-07T16:47:29.6431284+08:00","46852","2026-09-07T16:01:49.6826283+08:00","37467.0625","1627410432","3474567168","159","4922093568","True"
"2026-09-07T16:48:00.3813890+08:00","46852","2026-09-07T16:01:49.6826283+08:00","37908.921875","1602367488","3474567168","159","4874530816","True"
"2026-09-07T16:48:31.1023974+08:00","46852","2026-09-07T16:01:49.6826283+08:00","38345.375","1658740736","3474567168","159","4839215104","True"
"2026-09-07T16:49:01.8158469+08:00","46852","2026-09-07T16:01:49.6826283+08:00","38779.875","1589374976","3474567168","159","4613447680","True"
"2026-09-07T16:49:32.5699864+08:00","46852","2026-09-07T16:01:49.6826283+08:00","39227.421875","1631510528","3474567168","159","4565467136","True"
"2026-09-07T16:50:03.4330275+08:00","46852","2026-09-07T16:01:49.6826283+08:00","39666.96875","1616781312","3474567168","159","3972763648","True"
"2026-09-07T16:50:34.1117050+08:00","46852","2026-09-07T16:01:49.6826283+08:00","40103.25","1635770368","3474567168","159","5647851520","True"
"2026-09-07T16:51:04.7874850+08:00","46852","2026-09-07T16:01:49.6826283+08:00","40545.765625","1584984064","3474567168","159","6086455296","True"
"2026-09-07T16:51:35.4814947+08:00","46852","2026-09-07T16:01:49.6826283+08:00","40995.921875","1681702912","3474567168","159","6165663744","True"
"2026-09-07T16:52:06.1376484+08:00","46852","2026-09-07T16:01:49.6826283+08:00","41447.296875","1559298048","3474567168","159","6229499904","True"
"2026-09-07T16:52:36.8416017+08:00","46852","2026-09-07T16:01:49.6826283+08:00","41899.578125","1597911040","3474567168","159","6297161728","True"
"2026-09-07T16:53:07.4726735+08:00","46852","2026-09-07T16:01:49.6826283+08:00","42344.328125","1567535104","3474567168","159","6077263872","True"
"2026-09-07T16:53:38.1976098+08:00","46852","2026-09-07T16:01:49.6826283+08:00","42795.296875","1610432512","3474567168","159","6203576320","True"
"2026-09-07T16:54:08.8655191+08:00","46852","2026-09-07T16:01:49.6826283+08:00","43243.5625","1543827456","3474567168","159","6271905792","True"
"2026-09-07T16:54:39.6947869+08:00","46852","2026-09-07T16:01:49.6826283+08:00","43691.78125","1581142016","3474567168","159","6019485696","True"
"2026-09-07T16:55:10.2470827+08:00","46852","2026-09-07T16:01:49.6826283+08:00","44133.9375","1548677120","3474567168","159","6013067264","True"
"2026-09-07T16:55:40.9556245+08:00","46852","2026-09-07T16:01:49.6826283+08:00","44578.015625","1529896960","3474567168","159","6019502080","True"
"2026-09-07T16:56:11.6118042+08:00","46852","2026-09-07T16:01:49.6826283+08:00","45029.28125","1600901120","3474567168","159","5950746624","True"
"2026-09-07T16:56:42.3168050+08:00","46852","2026-09-07T16:01:49.6826283+08:00","45483.015625","1541484544","3474567168","159","5928394752","True"
"2026-09-07T16:57:12.9924474+08:00","46852","2026-09-07T16:01:49.6826283+08:00","45935.4375","1606029312","3474567168","159","6171357184","True"
"2026-09-07T16:57:43.6441444+08:00","46852","2026-09-07T16:01:49.6826283+08:00","46388.46875","1509515264","3474567168","159","6217920512","True"
"2026-09-07T16:58:14.2476942+08:00","46852","2026-09-07T16:01:49.6826283+08:00","46839.625","1594064896","3474567168","159","6178177024","True"
"2026-09-07T16:58:44.9329066+08:00","46852","2026-09-07T16:01:49.6826283+08:00","47292.8125","1602555904","3474567168","159","6380998656","True"
"2026-09-07T16:59:15.6365517+08:00","46852","2026-09-07T16:01:49.6826283+08:00","47745.203125","1564442624","3474567168","159","6325936128","True"
"2026-09-07T16:59:46.4175089+08:00","46852","2026-09-07T16:01:49.6826283+08:00","48199.421875","1582592000","3474567168","159","6396706816","True"
"2026-09-07T17:00:17.0931255+08:00","46852","2026-09-07T16:01:49.6826283+08:00","48651.125","1493082112","3474567168","159","6287151104","True"
"2026-09-07T17:00:47.7208953+08:00","46852","2026-09-07T16:01:49.6826283+08:00","49101.796875","1547595776","3474567168","159","6277120000","True"
"2026-09-07T17:01:18.3486789+08:00","46852","2026-09-07T16:01:49.6826283+08:00","49554.421875","1559289856","3474567168","159","6419357696","True"
"2026-09-07T17:01:49.0287690+08:00","46852","2026-09-07T16:01:49.6826283+08:00","50008.734375","1501159424","3474567168","159","6434299904","True"
"2026-09-07T17:02:19.6879291+08:00","46852","2026-09-07T16:01:49.6826283+08:00","50462.765625","1482977280","3474567168","159","6499151872","True"
"2026-09-07T17:02:50.3110159+08:00","46852","2026-09-07T16:01:49.6826283+08:00","50916.734375","1461944320","3474567168","159","6675292160","True"
"2026-09-07T17:03:20.9520556+08:00","46852","2026-09-07T16:01:49.6826283+08:00","51369.40625","1463349248","3474567168","159","6516015104","True"
"2026-09-07T17:03:51.6174565+08:00","46852","2026-09-07T16:01:49.6826283+08:00","51822.234375","1510367232","3474567168","159","6702821376","True"
"2026-09-07T17:04:22.2405433+08:00","46852","2026-09-07T16:01:49.6826283+08:00","52275.296875","1476153344","3474567168","159","6648745984","True"
"2026-09-07T17:04:52.8361260+08:00","46852","2026-09-07T16:01:49.6826283+08:00","52728.359375","1514528768","3474567168","159","6689443840","True"
"2026-09-07T17:05:23.3972491+08:00","46852","2026-09-07T16:01:49.6826283+08:00","53178.90625","1539371008","3474567168","159","6150750208","True"
"2026-09-07T17:05:54.0335780+08:00","46852","2026-09-07T16:01:49.6826283+08:00","53627.765625","1490841600","3474567168","159","5615239168","True"
"2026-09-07T17:06:24.7869640+08:00","46852","2026-09-07T16:01:49.6826283+08:00","54073.609375","1499934720","3474567168","159","5737209856","True"
"2026-09-07T17:06:55.4315560+08:00","46852","2026-09-07T16:01:49.6826283+08:00","54516.1875","1498537984","3474567168","159","5314789376","True"
"2026-09-07T17:07:26.1330142+08:00","46852","2026-09-07T16:01:49.6826283+08:00","54961.984375","1444646912","3474567168","159","5519736832","True"
"2026-09-07T17:07:56.9330735+08:00","46852","2026-09-07T16:01:49.6826283+08:00","55410.9375","1383792640","3474567168","159","5601374208","True"
"2026-09-07T17:08:27.6352483+08:00","46852","2026-09-07T16:01:49.6826283+08:00","55862.453125","1430925312","3474567168","159","5633310720","True"
"2026-09-07T17:08:58.3140737+08:00","46852","2026-09-07T16:01:49.6826283+08:00","56305.59375","1387008000","3474567168","159","5355380736","True"
"2026-09-07T17:09:29.0117989+08:00","46852","2026-09-07T16:01:49.6826283+08:00","56754.59375","1400803328","3474567168","159","5326372864","True"
"2026-09-07T17:09:59.7474582+08:00","46852","2026-09-07T16:01:49.6826283+08:00","57203.421875","1378258944","3474567168","159","4849868800","True"
"2026-09-07T17:10:30.4549779+08:00","46852","2026-09-07T16:01:49.6826283+08:00","57654.03125","1382584320","3474567168","159","5706338304","True"
"2026-09-07T17:11:01.1741441+08:00","46852","2026-09-07T16:01:49.6826283+08:00","58076.734375","1446285312","3474567168","159","5490454528","True"
"2026-09-07T17:11:31.8414195+08:00","46852","2026-09-07T16:01:49.6826283+08:00","58499.21875","1399070720","3474567168","159","5526499328","True"
"2026-09-07T17:12:02.3979241+08:00","46852","2026-09-07T16:01:49.6826283+08:00","58918.671875","1376759808","3474567168","159","5502562304","True"
"2026-09-07T17:12:32.9967527+08:00","46852","2026-09-07T16:01:49.6826283+08:00","59339.84375","1127919616","3474567168","159","5984047104","True"
"2026-09-07T17:13:03.5552319+08:00","46852","2026-09-07T16:01:49.6826283+08:00","59758.609375","1111396352","3474567168","159","5921665024","True"
"2026-09-07T17:13:34.1935451+08:00","46852","2026-09-07T16:01:49.6826283+08:00","60179.453125","1114841088","3474567168","159","6155694080","True"
"2026-09-07T17:14:04.7226916+08:00","46852","2026-09-07T16:01:49.6826283+08:00","60600.09375","1098522624","3474567168","159","5960269824","True"
"2026-09-07T17:14:35.3020337+08:00","46852","2026-09-07T16:01:49.6826283+08:00","61017.59375","1078521856","3474567168","159","5725798400","True"
"2026-09-07T17:15:05.9539600+08:00","46852","2026-09-07T16:01:49.6826283+08:00","61430.109375","1153028096","3474567168","159","5713555456","True"
"2026-09-07T17:15:36.4725230+08:00","46852","2026-09-07T16:01:49.6826283+08:00","61823.140625","1099268096","3474567168","159","5881585664","True"
"2026-09-07T17:16:07.0471576+08:00","46852","2026-09-07T16:01:49.6826283+08:00","62216.34375","1118703616","3474567168","159","5882544128","True"
"2026-09-07T17:16:37.6476377+08:00","46852","2026-09-07T16:01:49.6826283+08:00","62609.046875","1133322240","3474567168","159","6021697536","True"
"2026-09-07T17:17:07.9735346+08:00","46852","2026-09-07T16:01:49.6826283+08:00","62992.234375","1097986048","3474567168","159","6048350208","True"
"2026-09-07T17:17:38.2933081+08:00","46852","2026-09-07T16:01:49.6826283+08:00","63343.84375","978513920","3474567168","159","7001997312","True"
"2026-09-07T17:18:08.7021497+08:00","46852","2026-09-07T16:01:49.6826283+08:00","63662.078125","995401728","3474567168","159","6988312576","True"
"2026-09-07T17:18:39.0483934+08:00","46852","2026-09-07T16:01:49.6826283+08:00","63957.15625","972886016","3474567168","159","7098859520","True"
"2026-09-07T17:19:09.4014598+08:00","46852","2026-09-07T16:01:49.6826283+08:00","64248.421875","978022400","3474567168","159","7013605376","True"
"2026-09-07T17:19:39.6658844+08:00","46852","2026-09-07T16:01:49.6826283+08:00","64407.28125","1000046592","3474567168","159","6976704512","True"
"2026-09-07T17:20:09.9827374+08:00","46852","2026-09-07T16:01:49.6826283+08:00","64567.796875","994070528","3474567168","159","6985662464","True"
"2026-09-07T17:20:40.2653957+08:00","46852","2026-09-07T16:01:49.6826283+08:00","64724.109375","1023709184","3474567168","159","7133458432","True"
"2026-09-07T17:21:10.9750920+08:00","46852","2026-09-07T16:01:49.6826283+08:00","64994.21875","1435975680","3474567168","159","6245945344","True"
"2026-09-07T17:21:41.6813652+08:00","46852","2026-09-07T16:01:49.6826283+08:00","65441.8125","1420668928","3474567168","159","6239834112","True"
"2026-09-07T17:22:12.3116588+08:00","46852","2026-09-07T16:01:49.6826283+08:00","65887.90625","1505677312","3474567168","159","6196457472","True"
"2026-09-07T17:22:43.1823639+08:00","46852","2026-09-07T16:01:49.6826283+08:00","66336.921875","1383841792","3474567168","159","6985641984","True"
"2026-09-07T17:23:13.9536970+08:00","46852","2026-09-07T16:01:49.6826283+08:00","66782.421875","1393324032","3474567168","159","6879522816","True"
"2026-09-07T17:23:44.6697776+08:00","46852","2026-09-07T16:01:49.6826283+08:00","67219.796875","1420034048","3474567168","159","6527475712","True"
"2026-09-07T17:24:15.3370867+08:00","46852","2026-09-07T16:01:49.6826283+08:00","67668.53125","1442205696","3474567168","159","6688133120","True"
"2026-09-07T17:24:46.1061708+08:00","46852","2026-09-07T16:01:49.6826283+08:00","68116.03125","1397538816","3474567168","159","6502297600","True"
"2026-09-07T17:25:16.7968677+08:00","46852","2026-09-07T16:01:49.6826283+08:00","68564.78125","1429315584","3474567168","159","6203277312","True"
"2026-09-07T17:25:47.5071593+08:00","46852","2026-09-07T16:01:49.6826283+08:00","69015.71875","1376636928","3474567168","159","6223122432","True"
"2026-09-07T17:26:18.2191815+08:00","46852","2026-09-07T16:01:49.6826283+08:00","69462.359375","1425522688","3474567168","159","6301560832","True"
"2026-09-07T17:26:48.9368279+08:00","46852","2026-09-07T16:01:49.6826283+08:00","69910.734375","1460793344","3474567168","159","6134562816","True"
"2026-09-07T17:27:19.6128660+08:00","46852","2026-09-07T16:01:49.6826283+08:00","70358.765625","1482477568","3474567168","159","6449369088","True"
"2026-09-07T17:27:50.3133490+08:00","46852","2026-09-07T16:01:49.6826283+08:00","70808.609375","1442238464","3474567168","159","6892249088","True"
"2026-09-07T17:28:21.0519000+08:00","46852","2026-09-07T16:01:49.6826283+08:00","71257.09375","1382051840","3474567168","159","6839152640","True"
"2026-09-07T17:28:51.7243513+08:00","46852","2026-09-07T16:01:49.6826283+08:00","71705.5","1487659008","3474567168","159","6391767040","True"
"2026-09-07T17:29:22.4192951+08:00","46852","2026-09-07T16:01:49.6826283+08:00","72155.125","1434456064","3474567168","159","6192611328","True"
"2026-09-07T17:29:53.1112061+08:00","46852","2026-09-07T16:01:49.6826283+08:00","72603.328125","1376735232","3474567168","159","6131290112","True"
"2026-09-07T17:30:23.7584867+08:00","46852","2026-09-07T16:01:49.6826283+08:00","73052.140625","1434718208","3474567168","159","5999988736","True"
"2026-09-07T17:30:54.3659488+08:00","46852","2026-09-07T16:01:49.6826283+08:00","73497.71875","1435738112","3474567168","159","6090915840","True"
"2026-09-07T17:31:25.0332428+08:00","46852","2026-09-07T16:01:49.6826283+08:00","73946.609375","1447596032","3474567168","159","6298025984","True"
"2026-09-07T17:31:55.7358863+08:00","46852","2026-09-07T16:01:49.6826283+08:00","74393.75","1374736384","3474567168","159","6181949440","True"
"2026-09-07T17:32:26.3905066+08:00","46852","2026-09-07T16:01:49.6826283+08:00","74842.75","1382793216","3474567168","159","6265507840","True"
"2026-09-07T17:32:57.0550256+08:00","46852","2026-09-07T16:01:49.6826283+08:00","75289.28125","1450876928","3474567168","159","6141067264","True"
"2026-09-07T17:33:27.7275332+08:00","46852","2026-09-07T16:01:49.6826283+08:00","75738.71875","1451159552","3474567168","159","6241480704","True"
"2026-09-07T17:33:58.4112108+08:00","46852","2026-09-07T16:01:49.6826283+08:00","76190.125","1333116928","3474567168","159","5716807680","True"
"2026-09-07T17:34:29.1008807+08:00","46852","2026-09-07T16:01:49.6826283+08:00","76643.9375","1459601408","3474567168","159","5790429184","True"
"2026-09-07T17:34:59.8316564+08:00","46852","2026-09-07T16:01:49.6826283+08:00","77093.734375","1423663104","3474567168","159","5060333568","True"
"2026-09-07T17:35:30.5323295+08:00","46852","2026-09-07T16:01:49.6826283+08:00","77545.375","1415053312","3474567168","159","5700685824","True"
"2026-09-07T17:36:01.1917404+08:00","46852","2026-09-07T16:01:49.6826283+08:00","77995.375","1473466368","3474567168","159","5738795008","True"
"2026-09-07T17:36:31.8628607+08:00","46852","2026-09-07T16:01:49.6826283+08:00","78448.671875","1361018880","3474567168","159","5848313856","True"
"2026-09-07T17:37:02.5488197+08:00","46852","2026-09-07T16:01:49.6826283+08:00","78898.28125","1453064192","3474567168","159","5765996544","True"
"2026-09-07T17:37:33.2462661+08:00","46852","2026-09-07T16:01:49.6826283+08:00","79351.359375","1364258816","3474567168","159","6378328064","True"
"2026-09-07T17:38:03.8990780+08:00","46852","2026-09-07T16:01:49.6826283+08:00","79799.125","1435877376","3474567168","159","6154792960","True"
"2026-09-07T17:38:34.6572940+08:00","46852","2026-09-07T16:01:49.6826283+08:00","80247.4375","1369591808","3474567168","159","6037360640","True"
"2026-09-07T17:39:05.3165401+08:00","46852","2026-09-07T16:01:49.6826283+08:00","80692.578125","1348784128","3474567168","159","5725536256","True"
"2026-09-07T17:39:35.9840005+08:00","46852","2026-09-07T16:01:49.6826283+08:00","81146.453125","1349541888","3474567168","159","5978009600","True"
"2026-09-07T17:40:06.6223996+08:00","46852","2026-09-07T16:01:49.6826283+08:00","81597.84375","1384968192","3474567168","159","5870751744","True"
"2026-09-07T17:40:37.2175402+08:00","46852","2026-09-07T16:01:49.6826283+08:00","82050.25","1388695552","3474567168","159","5928263680","True"
"2026-09-07T17:41:07.8694276+08:00","46852","2026-09-07T16:01:49.6826283+08:00","82502.859375","1431289856","3474567168","159","5901185024","True"
"2026-09-07T17:41:38.4661461+08:00","46852","2026-09-07T16:01:49.6826283+08:00","82956.265625","1405394944","3474567168","159","5921972224","True"
"2026-09-07T17:42:09.0915350+08:00","46852","2026-09-07T16:01:49.6826283+08:00","83408.71875","1423654912","3474567168","159","5983137792","True"
"2026-09-07T17:42:39.6870566+08:00","46852","2026-09-07T16:01:49.6826283+08:00","83860.96875","1431711744","3474567168","159","6863818752","True"
"2026-09-07T17:43:10.2970615+08:00","46852","2026-09-07T16:01:49.6826283+08:00","84313.640625","1413427200","3474567168","159","6766383104","True"
"2026-09-07T17:43:40.9950708+08:00","46852","2026-09-07T16:01:49.6826283+08:00","84770.40625","1355931648","3474567168","159","6770573312","True"
"2026-09-07T17:44:11.6608917+08:00","46852","2026-09-07T16:01:49.6826283+08:00","85224.875","1381535744","3474567168","159","6828244992","True"
"2026-09-07T17:44:42.3088566+08:00","46852","2026-09-07T16:01:49.6826283+08:00","85678.09375","1334403072","3474567168","159","6744879104","True"
"2026-09-07T17:45:12.9077234+08:00","46852","2026-09-07T16:01:49.6826283+08:00","86132.375","1342750720","3474567168","159","6934605824","True"
"2026-09-07T17:45:43.5692650+08:00","46852","2026-09-07T16:01:49.6826283+08:00","86585.171875","1313701888","3474567168","159","6681423872","True"
"2026-09-07T17:46:14.2408661+08:00","46852","2026-09-07T16:01:49.6826283+08:00","87038.5625","1436893184","3474567168","159","6639427584","True"
"2026-09-07T17:46:44.9568998+08:00","46852","2026-09-07T16:01:49.6826283+08:00","87493.25","1367805952","3474567168","159","6733012992","True"
"2026-09-07T17:47:15.6287712+08:00","46852","2026-09-07T16:01:49.6826283+08:00","87945.921875","1360179200","3474567168","159","6789918720","True"
"2026-09-07T17:47:46.4119403+08:00","46852","2026-09-07T16:01:49.6826283+08:00","88400.09375","1262526464","3474567168","159","6965608448","True"
"2026-09-07T17:48:17.0926717+08:00","46852","2026-09-07T16:01:49.6826283+08:00","88855.703125","1337237504","3474567168","159","6899912704","True"
"2026-09-07T17:48:47.6966392+08:00","46852","2026-09-07T16:01:49.6826283+08:00","89310.625","1321697280","3474567168","159","7005798400","True"
"2026-09-07T17:49:18.3237008+08:00","46852","2026-09-07T16:01:49.6826283+08:00","89762.875","1354850304","3474567168","159","6670950400","True"
"2026-09-07T17:49:48.8677182+08:00","46852","2026-09-07T16:01:49.6826283+08:00","90214.90625","1332690944","3474567168","159","6584635392","True"
"2026-09-07T17:50:19.3964381+08:00","46852","2026-09-07T16:01:49.6826283+08:00","90667.828125","1289682944","3474567168","159","6483456000","True"
"2026-09-07T17:50:49.9722648+08:00","46852","2026-09-07T16:01:49.6826283+08:00","91121.796875","1343483904","3474567168","159","6788702208","True"
"2026-09-07T17:51:20.5670418+08:00","46852","2026-09-07T16:01:49.6826283+08:00","91574.875","1336340480","3474567168","159","6553567232","True"
"2026-09-07T17:51:51.0977973+08:00","46852","2026-09-07T16:01:49.6826283+08:00","92026.796875","1336852480","3474567168","159","6574489600","True"
"2026-09-07T17:52:21.6817960+08:00","46852","2026-09-07T16:01:49.6826283+08:00","92480.46875","1341456384","3474567168","159","6604984320","True"
"2026-09-07T17:52:52.2398723+08:00","46852","2026-09-07T16:01:49.6826283+08:00","92933.296875","1395621888","3474567168","159","6660517888","True"
"2026-09-07T17:53:22.8597801+08:00","46852","2026-09-07T16:01:49.6826283+08:00","93377.8125","1346838528","3474567168","159","6668906496","True"
"2026-09-07T17:53:53.4185171+08:00","46852","2026-09-07T16:01:49.6826283+08:00","93777.53125","1320734720","3474567168","159","6848688128","True"
"2026-09-07T17:54:23.9298382+08:00","46852","2026-09-07T16:01:49.6826283+08:00","94170.015625","1385472000","3474567168","159","6685638656","True"
"2026-09-07T17:54:54.4427105+08:00","46852","2026-09-07T16:01:49.6826283+08:00","94558.921875","1334910976","3474567168","159","6332461056","True"
"2026-09-07T17:55:24.8993122+08:00","46852","2026-09-07T16:01:49.6826283+08:00","94921.1875","1334951936","3474567168","159","6502883328","True"
"2026-09-07T17:55:55.3768327+08:00","46852","2026-09-07T16:01:49.6826283+08:00","95282.84375","1320914944","3474567168","159","6569820160","True"
"2026-09-07T17:56:25.8235083+08:00","46852","2026-09-07T16:01:49.6826283+08:00","95646.25","1343516672","3474567168","159","6459473920","True"
"2026-09-07T17:56:56.3438338+08:00","46852","2026-09-07T16:01:49.6826283+08:00","96008.90625","1382236160","3474567168","159","6480924672","True"
"2026-09-07T17:57:26.8319367+08:00","46852","2026-09-07T16:01:49.6826283+08:00","96372.671875","1357836288","3474567168","159","6647386112","True"
"2026-09-07T17:57:57.3354479+08:00","46852","2026-09-07T16:01:49.6826283+08:00","96736.46875","1357111296","3474567168","159","6455484416","True"
"2026-09-07T17:58:27.7856084+08:00","46852","2026-09-07T16:01:49.6826283+08:00","97065.28125","1337253888","3474567168","159","6588129280","True"
"2026-09-07T17:58:58.1386349+08:00","46852","2026-09-07T16:01:49.6826283+08:00","97359.828125","1311830016","3474567168","159","6686892032","True"
"2026-09-07T17:59:28.4594749+08:00","46852","2026-09-07T16:01:49.6826283+08:00","97656.078125","1341734912","3474567168","159","6527574016","True"
"2026-09-07T17:59:58.9077180+08:00","46852","2026-09-07T16:01:49.6826283+08:00","97954.625","1317289984","3474567168","159","6159323136","True"
"2026-09-07T18:00:29.3255916+08:00","46852","2026-09-07T16:01:49.6826283+08:00","98251.78125","1340055552","3474567168","159","6407380992","True"
"2026-09-07T18:00:59.7158482+08:00","46852","2026-09-07T16:01:49.6826283+08:00","98540.671875","1305006080","3474567168","159","6379651072","True"
"2026-09-07T18:01:30.0914499+08:00","46852","2026-09-07T16:01:49.6826283+08:00","98794.625","1311297536","3474567168","159","6597357568","True"
"2026-09-07T18:02:00.4505672+08:00","46852","2026-09-07T16:01:49.6826283+08:00","99046.640625","1318748160","3474567168","159","6661566464","True"
"2026-09-07T18:02:30.7909982+08:00","46852","2026-09-07T16:01:49.6826283+08:00","99300.265625","1339871232","3474567168","159","6490906624","True"
"2026-09-07T18:03:01.1596002+08:00","46852","2026-09-07T16:01:49.6826283+08:00","99553.109375","1312665600","3474567168","159","6553608192","True"
"2026-09-07T18:03:31.5097661+08:00","46852","2026-09-07T16:01:49.6826283+08:00","99804.84375","1321857024","3474567168","159","6705311744","True"
"2026-09-07T18:04:01.8470984+08:00","46852","2026-09-07T16:01:49.6826283+08:00","100054.96875","1297342464","3474567168","159","6567317504","True"
"2026-09-07T18:04:32.1777236+08:00","46852","2026-09-07T16:01:49.6826283+08:00","100306.890625","1302867968","3474567168","159","6590263296","True"
"2026-09-07T18:05:02.5372682+08:00","46852","2026-09-07T16:01:49.6826283+08:00","100557.578125","1326092288","3474567168","159","6310436864","True"
"2026-09-07T18:05:32.8651431+08:00","46852","2026-09-07T16:01:49.6826283+08:00","100809.296875","1329766400","3474567168","159","6010093568","True"
"2026-09-07T18:06:03.2033784+08:00","46852","2026-09-07T16:01:49.6826283+08:00","101060.953125","1317003264","3474567168","159","6347857920","True"
"2026-09-07T18:06:33.5302698+08:00","46852","2026-09-07T16:01:49.6826283+08:00","101303.015625","1316421632","3474567168","159","6260867072","True"
"2026-09-07T18:07:03.8735955+08:00","46852","2026-09-07T16:01:49.6826283+08:00","101551.296875","1339506688","3474567168","159","6396628992","True"
"2026-09-07T18:07:34.2003962+08:00","46852","2026-09-07T16:01:49.6826283+08:00","101800.546875","1330757632","3474567168","159","6221447168","True"
"2026-09-07T18:08:04.5092651+08:00","46852","2026-09-07T16:01:49.6826283+08:00","102020.921875","1316016128","3474567168","159","6199042048","True"
"2026-09-07T18:08:34.7974571+08:00","46852","2026-09-07T16:01:49.6826283+08:00","102186.078125","1320984576","3474567168","159","5951356928","True"
"2026-09-07T18:09:05.1093130+08:00","46852","2026-09-07T16:01:49.6826283+08:00","102351.375","1321791488","3474567168","159","5964840960","True"
"2026-09-07T18:09:35.3602058+08:00","46852","2026-09-07T16:01:49.6826283+08:00","102503.578125","1325666304","3474567168","159","5913112576","True"
"2026-09-07T18:10:05.6669636+08:00","46852","2026-09-07T16:01:49.6826283+08:00","102641.59375","1336651776","3474567168","159","5819011072","True"
"2026-09-07T18:10:35.9830529+08:00","46852","2026-09-07T16:01:49.6826283+08:00","102785.296875","1347350528","3474567168","159","6017871872","True"
"2026-09-07T18:11:06.4750749+08:00","46852","2026-09-07T16:01:49.6826283+08:00","102915.8125","1588203520","3474567168","159","5492056064","True"
"2026-09-07T18:11:36.9688942+08:00","46852","2026-09-07T16:01:49.6826283+08:00","103367.90625","1551228928","3474567168","159","5950738432","True"
"2026-09-07T18:12:07.5449025+08:00","46852","2026-09-07T16:01:49.6826283+08:00","103821.609375","1618202624","3474567168","159","5622054912","True"
"2026-09-07T18:12:38.1897358+08:00","46852","2026-09-07T16:01:49.6826283+08:00","104277.75","1558036480","3474567168","159","5751123968","True"
"2026-09-07T18:13:08.8274361+08:00","46852","2026-09-07T16:01:49.6826283+08:00","104730.609375","1549824000","3474567168","159","5629231104","True"
"2026-09-07T18:13:39.5167176+08:00","46852","2026-09-07T16:01:49.6826283+08:00","105185.21875","1528750080","3474567168","159","5765058560","True"
"2026-09-07T18:14:10.1228973+08:00","46852","2026-09-07T16:01:49.6826283+08:00","105635.828125","1493700608","3474567168","159","5681745920","True"
"2026-09-07T18:14:40.7928529+08:00","46852","2026-09-07T16:01:49.6826283+08:00","106075.265625","1623224320","3474567168","159","4823740416","True"
"2026-09-07T18:15:11.4801767+08:00","46852","2026-09-07T16:01:49.6826283+08:00","106501.796875","1536282624","3474567168","159","3601121280","True"
"2026-09-07T18:15:42.2144384+08:00","46852","2026-09-07T16:01:49.6826283+08:00","106941.375","1599582208","3474567168","159","5367803904","True"
"2026-09-07T18:16:12.8818990+08:00","46852","2026-09-07T16:01:49.6826283+08:00","107390.546875","1600167936","3474567168","159","5740949504","True"
"2026-09-07T18:16:43.6190949+08:00","46852","2026-09-07T16:01:49.6826283+08:00","107834.09375","1580445696","3474567168","159","5878603776","True"
"2026-09-07T18:17:14.3634264+08:00","46852","2026-09-07T16:01:49.6826283+08:00","108267.796875","1580761088","3474567168","159","5480787968","True"
"2026-09-07T18:17:45.0657950+08:00","46852","2026-09-07T16:01:49.6826283+08:00","108712.828125","1517301760","3474567168","159","5347889152","True"
"2026-09-07T18:18:15.7249555+08:00","46852","2026-09-07T16:01:49.6826283+08:00","109161.21875","1636794368","3474567168","159","5572161536","True"
"2026-09-07T18:18:46.3991701+08:00","46852","2026-09-07T16:01:49.6826283+08:00","109610.65625","1522352128","3474567168","159","5758234624","True"
"2026-09-07T18:19:17.1774711+08:00","46852","2026-09-07T16:01:49.6826283+08:00","110062.25","1613172736","3474567168","159","5926535168","True"
"2026-09-07T18:19:47.8267459+08:00","46852","2026-09-07T16:01:49.6826283+08:00","110512.359375","1557786624","3474567168","159","6497886208","True"
"2026-09-07T18:20:18.4814134+08:00","46852","2026-09-07T16:01:49.6826283+08:00","110963.765625","1516244992","3474567168","159","6257938432","True"
"2026-09-07T18:20:49.0920438+08:00","46852","2026-09-07T16:01:49.6826283+08:00","111418.015625","1536299008","3474567168","159","6562512896","True"
"2026-09-07T18:21:19.7273320+08:00","46852","2026-09-07T16:01:49.6826283+08:00","111869.078125","1589374976","3474567168","159","6446317568","True"
"2026-09-07T18:21:50.3567252+08:00","46852","2026-09-07T16:01:49.6826283+08:00","112320.90625","1577627648","3474567168","159","6312042496","True"
"2026-09-07T18:22:20.9769465+08:00","46852","2026-09-07T16:01:49.6826283+08:00","112772.078125","1540268032","3474567168","159","6335827968","True"
"2026-09-07T18:22:51.6190560+08:00","46852","2026-09-07T16:01:49.6826283+08:00","113225.625","1577140224","3474567168","159","6647492608","True"
"2026-09-07T18:23:22.2863153+08:00","46852","2026-09-07T16:01:49.6826283+08:00","113674.859375","1550688256","3474567168","159","6471086080","True"
"2026-09-07T18:23:52.9572179+08:00","46852","2026-09-07T16:01:49.6826283+08:00","114125.6875","1503916032","3474567168","159","6229430272","True"
"2026-09-07T18:24:23.6553226+08:00","46852","2026-09-07T16:01:49.6826283+08:00","114575.375","1547579392","3474567168","159","6440177664","True"
"2026-09-07T18:24:54.2478801+08:00","46852","2026-09-07T16:01:49.6826283+08:00","115025.671875","1551040512","3474567168","159","6058356736","True"
"2026-09-07T18:25:24.8694417+08:00","46852","2026-09-07T16:01:49.6826283+08:00","115476.984375","1579233280","3474567168","159","6045720576","True"
"2026-09-07T18:25:55.5264909+08:00","46852","2026-09-07T16:01:49.6826283+08:00","115928.109375","1539678208","3474567168","159","6422867968","True"
"2026-09-07T18:26:26.1755156+08:00","46852","2026-09-07T16:01:49.6826283+08:00","116379.65625","1576919040","3474567168","159","6463561728","True"
"2026-09-07T18:26:56.8410556+08:00","46852","2026-09-07T16:01:49.6826283+08:00","116829.5","1566486528","3474567168","159","6314790912","True"
"2026-09-07T18:27:27.4859315+08:00","46852","2026-09-07T16:01:49.6826283+08:00","117282.421875","1543966720","3474567168","159","6389411840","True"
"2026-09-07T18:27:58.1708425+08:00","46852","2026-09-07T16:01:49.6826283+08:00","117734.796875","1562083328","3474567168","159","6738399232","True"
"2026-09-07T18:28:28.8197682+08:00","46852","2026-09-07T16:01:49.6826283+08:00","118185.6875","1548345344","3474567168","159","6697439232","True"
"2026-09-07T18:28:59.4082000+08:00","46852","2026-09-07T16:01:49.6826283+08:00","118635.84375","1531969536","3474567168","159","6664941568","True"
"2026-09-07T18:29:30.0617591+08:00","46852","2026-09-07T16:01:49.6826283+08:00","119086.359375","1532588032","3474567168","159","6676242432","True"
"2026-09-07T18:30:00.6957762+08:00","46852","2026-09-07T16:01:49.6826283+08:00","119535.484375","1525207040","3474567168","159","6387761152","True"
"2026-09-07T18:30:31.3101136+08:00","46852","2026-09-07T16:01:49.6826283+08:00","119988.390625","1553698816","3474567168","159","6721081344","True"
"2026-09-07T18:31:01.9753069+08:00","46852","2026-09-07T16:01:49.6826283+08:00","120441.296875","1524572160","3474567168","159","6731943936","True"
"2026-09-07T18:31:32.5828756+08:00","46852","2026-09-07T16:01:49.6826283+08:00","120896.0625","1536913408","3474567168","159","6880186368","True"
"2026-09-07T18:32:03.1653884+08:00","46852","2026-09-07T16:01:49.6826283+08:00","121345.640625","1594871808","3474567168","159","6582861824","True"
"2026-09-07T18:32:33.8343434+08:00","46852","2026-09-07T16:01:49.6826283+08:00","121798.671875","1582743552","3474567168","159","6634426368","True"
"2026-09-07T18:33:04.4294007+08:00","46852","2026-09-07T16:01:49.6826283+08:00","122249.65625","1601241088","3474567168","159","6700875776","True"
"2026-09-07T18:33:35.1160401+08:00","46852","2026-09-07T16:01:49.6826283+08:00","122702.328125","1563127808","3474567168","159","6625284096","True"
"2026-09-07T18:34:05.7092981+08:00","46852","2026-09-07T16:01:49.6826283+08:00","123153.921875","1523298304","3474567168","159","6492213248","True"
"2026-09-07T18:34:36.3784663+08:00","46852","2026-09-07T16:01:49.6826283+08:00","123603.390625","1565818880","3474567168","159","4581351424","True"
"2026-09-07T18:35:06.9827958+08:00","46852","2026-09-07T16:01:49.6826283+08:00","124054.53125","1566314496","3474567168","159","4545019904","True"
"2026-09-07T18:35:37.6226328+08:00","46852","2026-09-07T16:01:49.6826283+08:00","124502.421875","1589288960","3474567168","159","4695552000","True"
"2026-09-07T18:36:08.3379556+08:00","46852","2026-09-07T16:01:49.6826283+08:00","124925.90625","1575268352","3474567168","159","4629544960","True"
"2026-09-07T18:36:39.0701522+08:00","46852","2026-09-07T16:01:49.6826283+08:00","125350.90625","1515016192","3474567168","159","4543418368","True"
"2026-09-07T18:37:09.8324433+08:00","46852","2026-09-07T16:01:49.6826283+08:00","125775.390625","1578373120","3474567168","159","4415823872","True"
"2026-09-07T18:37:40.4456528+08:00","46852","2026-09-07T16:01:49.6826283+08:00","126199.015625","1549697024","3474567168","159","4846301184","True"
"2026-09-07T18:38:11.0818867+08:00","46852","2026-09-07T16:01:49.6826283+08:00","126622.140625","1560858624","3474567168","159","4875554816","True"
"2026-09-07T18:38:41.6484283+08:00","46852","2026-09-07T16:01:49.6826283+08:00","127044.09375","1528934400","3474567168","159","4749438976","True"
"2026-09-07T18:39:12.2267882+08:00","46852","2026-09-07T16:01:49.6826283+08:00","127467.4375","1563189248","3474567168","159","4785852416","True"
"2026-09-07T18:39:42.7990646+08:00","46852","2026-09-07T16:01:49.6826283+08:00","127889.171875","1519292416","3474567168","159","4580847616","True"
"2026-09-07T18:40:13.3869366+08:00","46852","2026-09-07T16:01:49.6826283+08:00","128313.21875","1536782336","3474567168","159","4509630464","True"
"2026-09-07T18:40:44.0787935+08:00","46852","2026-09-07T16:01:49.6826283+08:00","128737.0625","1556398080","3474567168","159","4651479040","True"
"2026-09-07T18:41:14.6063310+08:00","46852","2026-09-07T16:01:49.6826283+08:00","129159.296875","1537380352","3474567168","159","4494647296","True"
"2026-09-07T18:41:45.1806314+08:00","46852","2026-09-07T16:01:49.6826283+08:00","129582.734375","1531555840","3474567168","159","4614684672","True"
"2026-09-07T18:42:15.8049894+08:00","46852","2026-09-07T16:01:49.6826283+08:00","130005.96875","1517281280","3474567168","159","4599377920","True"
"2026-09-07T18:42:46.4530125+08:00","46852","2026-09-07T16:01:49.6826283+08:00","130429.796875","1556500480","3474567168","159","4879560704","True"
"2026-09-07T18:43:16.9955254+08:00","46852","2026-09-07T16:01:49.6826283+08:00","130850.875","1575337984","3474567168","159","4623933440","True"
"2026-09-07T18:43:47.5543929+08:00","46852","2026-09-07T16:01:49.6826283+08:00","131273.25","1498136576","3474567168","159","4564455424","True"
"2026-09-07T18:44:18.0916348+08:00","46852","2026-09-07T16:01:49.6826283+08:00","131696.25","1530064896","3474567168","159","4581470208","True"
"2026-09-07T18:44:48.6861172+08:00","46852","2026-09-07T16:01:49.6826283+08:00","132120.265625","1505091584","3474567168","159","4542189568","True"
"2026-09-07T18:45:19.2657867+08:00","46852","2026-09-07T16:01:49.6826283+08:00","132542.03125","1525694464","3474567168","159","4515700736","True"
"2026-09-07T18:45:49.8507683+08:00","46852","2026-09-07T16:01:49.6826283+08:00","132964.5","1515040768","3474567168","159","4383260672","True"
"2026-09-07T18:46:20.4027552+08:00","46852","2026-09-07T16:01:49.6826283+08:00","133386.15625","1562554368","3474567168","159","4392599552","True"
"2026-09-07T18:46:50.9342084+08:00","46852","2026-09-07T16:01:49.6826283+08:00","133805.15625","1492467712","3474567168","159","4412022784","True"
"2026-09-07T18:47:21.4745044+08:00","46852","2026-09-07T16:01:49.6826283+08:00","134198.171875","1489170432","3474567168","159","4343316480","True"
"2026-09-07T18:47:51.9802703+08:00","46852","2026-09-07T16:01:49.6826283+08:00","134590.28125","1517817856","3474567168","159","4423557120","True"
"2026-09-07T18:48:22.5196754+08:00","46852","2026-09-07T16:01:49.6826283+08:00","134982.59375","1529098240","3474567168","159","4601462784","True"
"2026-09-07T18:48:53.0835186+08:00","46852","2026-09-07T16:01:49.6826283+08:00","135375.03125","1521537024","3474567168","159","4560621568","True"
"2026-09-07T18:49:23.5799162+08:00","46852","2026-09-07T16:01:49.6826283+08:00","135766.5","1550651392","3474567168","159","4611276800","True"
"2026-09-07T18:49:54.1373023+08:00","46852","2026-09-07T16:01:49.6826283+08:00","136158.90625","1495289856","3474567168","159","4420403200","True"
"2026-09-07T18:50:24.6332765+08:00","46852","2026-09-07T16:01:49.6826283+08:00","136549.21875","1526763520","3474567168","159","4536442880","True"
"2026-09-07T18:50:55.1073970+08:00","46852","2026-09-07T16:01:49.6826283+08:00","136940.140625","1537728512","3474567168","159","4753686528","True"
"2026-09-07T18:51:25.6013496+08:00","46852","2026-09-07T16:01:49.6826283+08:00","137331.390625","1482129408","3474567168","159","4623048704","True"
"2026-09-07T18:51:56.0285383+08:00","46852","2026-09-07T16:01:49.6826283+08:00","137721.78125","1546141696","3474567168","159","4595011584","True"
"2026-09-07T18:52:26.5232543+08:00","46852","2026-09-07T16:01:49.6826283+08:00","138112.84375","1567494144","3474567168","159","4831207424","True"
"2026-09-07T18:52:56.9852195+08:00","46852","2026-09-07T16:01:49.6826283+08:00","138502.796875","1521090560","3474567168","159","4917891072","True"
"2026-09-07T18:53:27.4688632+08:00","46852","2026-09-07T16:01:49.6826283+08:00","138893.65625","1496764416","3474567168","159","4873801728","True"
"2026-09-07T18:53:57.9397351+08:00","46852","2026-09-07T16:01:49.6826283+08:00","139274.703125","1486524416","3474567168","159","5004951552","True"
"2026-09-07T18:54:28.3903022+08:00","46852","2026-09-07T16:01:49.6826283+08:00","139636.078125","1520545792","3474567168","159","4855865344","True"
"2026-09-07T18:54:58.8862881+08:00","46852","2026-09-07T16:01:49.6826283+08:00","139998.25","1511473152","3474567168","159","4456349696","True"
"2026-09-07T18:55:29.3342111+08:00","46852","2026-09-07T16:01:49.6826283+08:00","140356.546875","1480810496","3474567168","159","4731084800","True"
"2026-09-07T18:55:59.8447034+08:00","46852","2026-09-07T16:01:49.6826283+08:00","140688.109375","1469132800","3474567168","159","4908023808","True"
"2026-09-07T18:56:30.2824413+08:00","46852","2026-09-07T16:01:49.6826283+08:00","141020.015625","1489637376","3474567168","159","5152497664","True"
"2026-09-07T18:57:00.6719546+08:00","46852","2026-09-07T16:01:49.6826283+08:00","141350.90625","1492541440","3474567168","159","5002838016","True"
"2026-09-07T18:57:31.0878936+08:00","46852","2026-09-07T16:01:49.6826283+08:00","141680.5625","1467232256","3474567168","159","4950032384","True"
"2026-09-07T18:58:01.5172977+08:00","46852","2026-09-07T16:01:49.6826283+08:00","142012.078125","1473150976","3474567168","159","4914528256","True"
"2026-09-07T18:58:31.9337943+08:00","46852","2026-09-07T16:01:49.6826283+08:00","142343.890625","1517785088","3474567168","159","4854632448","True"
"2026-09-07T18:59:02.3632335+08:00","46852","2026-09-07T16:01:49.6826283+08:00","142674.25","1525846016","3474567168","159","5013250048","True"
"2026-09-07T18:59:32.8810561+08:00","46852","2026-09-07T16:01:49.6826283+08:00","143006.578125","1534160896","3474567168","159","4921913344","True"
"2026-09-07T19:00:03.2557025+08:00","46852","2026-09-07T16:01:49.6826283+08:00","143312.703125","1484492800","3474567168","159","4835848192","True"
"2026-09-07T19:00:33.6855008+08:00","46852","2026-09-07T16:01:49.6826283+08:00","143610.75","1475207168","3474567168","159","5002326016","True"
"2026-09-07T19:01:04.0906927+08:00","46852","2026-09-07T16:01:49.6826283+08:00","143908.21875","1516924928","3474567168","159","5063700480","True"
"2026-09-07T19:01:34.5281328+08:00","46852","2026-09-07T16:01:49.6826283+08:00","144205.625","1504272384","3474567168","159","4941070336","True"
"2026-09-07T19:02:04.8527661+08:00","46852","2026-09-07T16:01:49.6826283+08:00","144502.984375","1468551168","3474567168","159","5046317056","True"
"2026-09-07T19:02:35.2643675+08:00","46852","2026-09-07T16:01:49.6826283+08:00","144799.078125","1466040320","3474567168","159","4908957696","True"
"2026-09-07T19:03:05.6695665+08:00","46852","2026-09-07T16:01:49.6826283+08:00","145096.296875","1481015296","3474567168","159","4939026432","True"
"2026-09-07T19:03:36.0223080+08:00","46852","2026-09-07T16:01:49.6826283+08:00","145392.359375","1488035840","3474567168","159","4874674176","True"
"2026-09-07T19:04:06.4219244+08:00","46852","2026-09-07T16:01:49.6826283+08:00","145690.328125","1518669824","3474567168","159","4823736320","True"
"2026-09-07T19:04:36.9170073+08:00","46852","2026-09-07T16:01:49.6826283+08:00","145988.46875","1509310464","3474567168","159","5025255424","True"
"2026-09-07T19:05:07.3664369+08:00","46852","2026-09-07T16:01:49.6826283+08:00","146285","1508343808","3474567168","159","4647636992","True"
"2026-09-07T19:05:37.7626798+08:00","46852","2026-09-07T16:01:49.6826283+08:00","146581.65625","1488478208","3474567168","159","4660658176","True"
"2026-09-07T19:06:08.1936748+08:00","46852","2026-09-07T16:01:49.6826283+08:00","146878.921875","1499885568","3474567168","159","4844736512","True"
"2026-09-07T19:06:38.6025028+08:00","46852","2026-09-07T16:01:49.6826283+08:00","147176.609375","1500622848","3474567168","159","4910915584","True"
"2026-09-07T19:07:08.9779212+08:00","46852","2026-09-07T16:01:49.6826283+08:00","147473.515625","1511272448","3474567168","159","4623003648","True"
"2026-09-07T19:07:39.3579385+08:00","46852","2026-09-07T16:01:49.6826283+08:00","147766.375","1490710528","3474567168","159","4867608576","True"
"2026-09-07T19:08:09.6795282+08:00","46852","2026-09-07T16:01:49.6826283+08:00","148054.609375","1489358848","3474567168","159","4627030016","True"
"2026-09-07T19:08:40.0859611+08:00","46852","2026-09-07T16:01:49.6826283+08:00","148349.375","1510379520","3474567168","159","4923158528","True"
"2026-09-07T19:09:10.4768198+08:00","46852","2026-09-07T16:01:49.6826283+08:00","148642.96875","1493061632","3474567168","159","4864417792","True"
"2026-09-07T19:09:40.8052018+08:00","46852","2026-09-07T16:01:49.6826283+08:00","148895.765625","1488793600","3474567168","159","4680196096","True"
"2026-09-07T19:10:10.9783107+08:00","46852","2026-09-07T16:01:49.6826283+08:00","149030.34375","1467990016","3474567168","159","4648161280","True"
"2026-09-07T19:10:41.1312052+08:00","46852","2026-09-07T16:01:49.6826283+08:00","149181.28125","1467998208","3474567168","159","4847448064","True"
"2026-09-07T19:11:11.3053941+08:00","46852","2026-09-07T16:01:49.6826283+08:00","149257.640625","1483476992","3474567168","159","4419301376","True"
"2026-09-07T19:11:41.7805185+08:00","46852","2026-09-07T16:01:49.6826283+08:00","149636.578125","1737531392","3474567168","159","4388982784","True"
"2026-09-07T19:12:12.4330151+08:00","46852","2026-09-07T16:01:49.6826283+08:00","150081.171875","1667149824","3474567168","159","4203933696","True"
"2026-09-07T19:12:43.1517348+08:00","46852","2026-09-07T16:01:49.6826283+08:00","150528.078125","1665146880","3474567168","159","3991838720","True"
"2026-09-07T19:13:13.8351474+08:00","46852","2026-09-07T16:01:49.6826283+08:00","150970.5625","1581785088","3474567168","159","5176258560","True"
"2026-09-07T19:13:44.6833147+08:00","46852","2026-09-07T16:01:49.6826283+08:00","151419.203125","1539928064","3474567168","159","5692796928","True"
"2026-09-07T19:14:15.3448273+08:00","46852","2026-09-07T16:01:49.6826283+08:00","151864.015625","1585270784","3474567168","159","5757190144","True"
"2026-09-07T19:14:46.0204167+08:00","46852","2026-09-07T16:01:49.6826283+08:00","152312.140625","1609670656","3474567168","159","5671456768","True"
"2026-09-07T19:15:16.6325518+08:00","46852","2026-09-07T16:01:49.6826283+08:00","152763.8125","1581240320","3474567168","159","5525233664","True"
"2026-09-07T19:15:47.3555850+08:00","46852","2026-09-07T16:01:49.6826283+08:00","153216.75","1614106624","3474567168","159","5483528192","True"
"2026-09-07T19:16:18.0524048+08:00","46852","2026-09-07T16:01:49.6826283+08:00","153664.359375","1550229504","3474567168","159","5361045504","True"
"2026-09-07T19:16:48.7306972+08:00","46852","2026-09-07T16:01:49.6826283+08:00","154113.953125","1601138688","3474567168","159","5754740736","True"
"2026-09-07T19:17:19.4826484+08:00","46852","2026-09-07T16:01:49.6826283+08:00","154551.203125","1639677952","3474567168","159","5292060672","True"
"2026-09-07T19:17:50.1900946+08:00","46852","2026-09-07T16:01:49.6826283+08:00","154999.359375","1600245760","3474567168","159","5407961088","True"
"2026-09-07T19:18:20.9023125+08:00","46852","2026-09-07T16:01:49.6826283+08:00","155448.984375","1645899776","3474567168","159","5429719040","True"
"2026-09-07T19:18:51.6263355+08:00","46852","2026-09-07T16:01:49.6826283+08:00","155899.328125","1584898048","3474567168","159","5585317888","True"
"2026-09-07T19:19:22.4174201+08:00","46852","2026-09-07T16:01:49.6826283+08:00","156348.03125","1618984960","3474567168","159","5516304384","True"
"2026-09-07T19:19:53.1055329+08:00","46852","2026-09-07T16:01:49.6826283+08:00","156796.046875","1578881024","3474567168","159","5445873664","True"
"2026-09-07T19:20:23.8269726+08:00","46852","2026-09-07T16:01:49.6826283+08:00","157246.25","1575497728","3474567168","159","5356412928","True"
"2026-09-07T19:20:54.5247091+08:00","46852","2026-09-07T16:01:49.6826283+08:00","157696.8125","1612259328","3474567168","159","5712486400","True"
"2026-09-07T19:21:25.2692606+08:00","46852","2026-09-07T16:01:49.6826283+08:00","158142.84375","1635725312","3474567168","159","5344497664","True"
"2026-09-07T19:21:56.0128821+08:00","46852","2026-09-07T16:01:49.6826283+08:00","158586.125","1555767296","3474567168","159","5558673408","True"
"2026-09-07T19:22:26.7326689+08:00","46852","2026-09-07T16:01:49.6826283+08:00","159035.625","1611022336","3474567168","159","5612400640","True"
"2026-09-07T19:22:57.4194407+08:00","46852","2026-09-07T16:01:49.6826283+08:00","159482.734375","1614782464","3474567168","159","5739466752","True"
"2026-09-07T19:23:28.2516868+08:00","46852","2026-09-07T16:01:49.6826283+08:00","159931.875","1595559936","3474567168","159","5859549184","True"
"2026-09-07T19:23:59.0285809+08:00","46852","2026-09-07T16:01:49.6826283+08:00","160380.828125","1663688704","3474567168","159","5756571648","True"
"2026-09-07T19:24:29.7277308+08:00","46852","2026-09-07T16:01:49.6826283+08:00","160829.1875","1631305728","3474567168","159","5614829568","True"
"2026-09-07T19:25:00.4590061+08:00","46852","2026-09-07T16:01:49.6826283+08:00","161276.828125","1607507968","3474567168","159","5500051456","True"
"2026-09-07T19:25:31.2106502+08:00","46852","2026-09-07T16:01:49.6826283+08:00","161727.671875","1578274816","3474567168","159","5735247872","True"
"2026-09-07T19:26:01.8790154+08:00","46852","2026-09-07T16:01:49.6826283+08:00","162173.03125","1620574208","3474567168","159","5782933504","True"
"2026-09-07T19:26:32.5724743+08:00","46852","2026-09-07T16:01:49.6826283+08:00","162624.484375","1609388032","3474567168","159","5707980800","True"
"2026-09-07T19:27:03.2683240+08:00","46852","2026-09-07T16:01:49.6826283+08:00","163072.71875","1562017792","3474567168","159","5723295744","True"
"2026-09-07T19:27:33.9688501+08:00","46852","2026-09-07T16:01:49.6826283+08:00","163523.015625","1600081920","3474567168","159","6072238080","True"
"2026-09-07T19:28:04.6571590+08:00","46852","2026-09-07T16:01:49.6826283+08:00","163968.875","1541103616","3474567168","159","6019256320","True"
"2026-09-07T19:28:35.4324418+08:00","46852","2026-09-07T16:01:49.6826283+08:00","164420.296875","1509064704","3474567168","159","6294388736","True"
"2026-09-07T19:29:06.1051044+08:00","46852","2026-09-07T16:01:49.6826283+08:00","164867.796875","1566105600","3474567168","159","5975396352","True"
"2026-09-07T19:29:36.7922557+08:00","46852","2026-09-07T16:01:49.6826283+08:00","165310.046875","1482182656","3474567168","159","5957206016","True"
"2026-09-07T19:30:07.4999558+08:00","46852","2026-09-07T16:01:49.6826283+08:00","165753.328125","1616809984","3474567168","159","5900697600","True"
"2026-09-07T19:30:38.2583464+08:00","46852","2026-09-07T16:01:49.6826283+08:00","166199.546875","1567866880","3474567168","159","6019039232","True"
"2026-09-07T19:31:08.9445062+08:00","46852","2026-09-07T16:01:49.6826283+08:00","166643.328125","1503232000","3474567168","159","6004252672","True"
"2026-09-07T19:31:39.6015614+08:00","46852","2026-09-07T16:01:49.6826283+08:00","167090.328125","1507692544","3474567168","159","6168522752","True"
"2026-09-07T19:32:10.3084202+08:00","46852","2026-09-07T16:01:49.6826283+08:00","167535.59375","1504620544","3474567168","159","5946544128","True"
"2026-09-07T19:32:41.0525826+08:00","46852","2026-09-07T16:01:49.6826283+08:00","167985.015625","1618264064","3474567168","159","5969608704","True"
"2026-09-07T19:33:11.7803298+08:00","46852","2026-09-07T16:01:49.6826283+08:00","168428.546875","1485443072","3474567168","159","6279966720","True"
"2026-09-07T19:33:42.4395573+08:00","46852","2026-09-07T16:01:49.6826283+08:00","168876.5","1594728448","3474567168","159","6417326080","True"
"2026-09-07T19:34:13.0204566+08:00","46852","2026-09-07T16:01:49.6826283+08:00","169322.765625","1535602688","3474567168","159","6186897408","True"
"2026-09-07T19:34:43.6636324+08:00","46852","2026-09-07T16:01:49.6826283+08:00","169767.046875","1594023936","3474567168","159","5639360512","True"
"2026-09-07T19:35:14.2850579+08:00","46852","2026-09-07T16:01:49.6826283+08:00","170210.421875","1513816064","3474567168","159","5513465856","True"
"2026-09-07T19:35:44.9757621+08:00","46852","2026-09-07T16:01:49.6826283+08:00","170655.671875","1575645184","3474567168","159","5569601536","True"
"2026-09-07T19:36:15.6870150+08:00","46852","2026-09-07T16:01:49.6826283+08:00","171102.625","1550159872","3474567168","159","5996527616","True"
"2026-09-07T19:36:46.3147501+08:00","46852","2026-09-07T16:01:49.6826283+08:00","171552.46875","1524219904","3474567168","159","6432485376","True"
"2026-09-07T19:37:17.0097535+08:00","46852","2026-09-07T16:01:49.6826283+08:00","171998.59375","1597878272","3474567168","159","6255583232","True"
"2026-09-07T19:37:47.5942210+08:00","46852","2026-09-07T16:01:49.6826283+08:00","172430.1875","1530650624","3474567168","159","6429319168","True"
"2026-09-07T19:38:18.2581567+08:00","46852","2026-09-07T16:01:49.6826283+08:00","172851.828125","1528578048","3474567168","159","6918283264","True"
"2026-09-07T19:38:48.9785734+08:00","46852","2026-09-07T16:01:49.6826283+08:00","173272.546875","1550352384","3474567168","159","6666457088","True"
"2026-09-07T19:39:19.6108748+08:00","46852","2026-09-07T16:01:49.6826283+08:00","173677.28125","1491320832","3474567168","159","6234673152","True"
"2026-09-07T19:39:50.1976646+08:00","46852","2026-09-07T16:01:49.6826283+08:00","174069.625","1505333248","3474567168","159","6116839424","True"
"2026-09-07T19:40:20.8193691+08:00","46852","2026-09-07T16:01:49.6826283+08:00","174461.625","1492434944","3474567168","159","6074855424","True"
"2026-09-07T19:40:51.4089648+08:00","46852","2026-09-07T16:01:49.6826283+08:00","174854.234375","1507545088","3474567168","159","6383222784","True"
"2026-09-07T19:41:21.9596577+08:00","46852","2026-09-07T16:01:49.6826283+08:00","175245.640625","1457176576","3474567168","159","6439510016","True"
"2026-09-07T19:41:52.5330149+08:00","46852","2026-09-07T16:01:49.6826283+08:00","175638.65625","1516150784","3474567168","159","6478307328","True"
"2026-09-07T19:42:23.0684215+08:00","46852","2026-09-07T16:01:49.6826283+08:00","176029.140625","1463074816","3474567168","159","6318100480","True"
"2026-09-07T19:42:53.6230582+08:00","46852","2026-09-07T16:01:49.6826283+08:00","176421.359375","1492361216","3474567168","159","6475587584","True"
"2026-09-07T19:43:24.1874513+08:00","46852","2026-09-07T16:01:49.6826283+08:00","176812.515625","1082617856","3474567168","159","7460077568","True"
"2026-09-07T19:43:54.7195534+08:00","46852","2026-09-07T16:01:49.6826283+08:00","177204","1071042560","3474567168","159","7782600704","True"
"2026-09-07T19:44:25.2308230+08:00","46852","2026-09-07T16:01:49.6826283+08:00","177593.9375","1111928832","3474567168","159","7497187328","True"
"2026-09-07T19:44:55.8185696+08:00","46852","2026-09-07T16:01:49.6826283+08:00","177985.125","1169747968","3474567168","159","7062822912","True"
"2026-09-07T19:45:26.3830938+08:00","46852","2026-09-07T16:01:49.6826283+08:00","178377.078125","1109831680","3474567168","159","7446691840","True"
"2026-09-07T19:45:56.9445504+08:00","46852","2026-09-07T16:01:49.6826283+08:00","178768.8125","1133551616","3474567168","159","7417925632","True"
"2026-09-07T19:46:27.4635433+08:00","46852","2026-09-07T16:01:49.6826283+08:00","179160.890625","1134006272","3474567168","159","7516602368","True"
"2026-09-07T19:46:57.9127465+08:00","46852","2026-09-07T16:01:49.6826283+08:00","179549.625","1075490816","3474567168","159","7045578752","True"
"2026-09-07T19:47:28.5013966+08:00","46852","2026-09-07T16:01:49.6826283+08:00","179942.453125","1091207168","3474567168","159","7016218624","True"
"2026-09-07T19:47:59.0700815+08:00","46852","2026-09-07T16:01:49.6826283+08:00","180309.0625","1075691520","3474567168","159","6531330048","True"
"2026-09-07T19:48:29.6163403+08:00","46852","2026-09-07T16:01:49.6826283+08:00","180670.953125","653041664","3474567168","159","7253827584","True"
"2026-09-07T19:49:00.2035393+08:00","46852","2026-09-07T16:01:49.6826283+08:00","181028.984375","627503104","3474567168","159","6907768832","True"
"2026-09-07T19:49:30.7938062+08:00","46852","2026-09-07T16:01:49.6826283+08:00","181389.3125","621527040","3474567168","159","7394066432","True"
"2026-09-07T19:50:01.4057467+08:00","46852","2026-09-07T16:01:49.6826283+08:00","181751.15625","643575808","3474567168","159","7218982912","True"
"2026-09-07T19:50:31.9348632+08:00","46852","2026-09-07T16:01:49.6826283+08:00","182113.140625","625086464","3474567168","159","7509549056","True"
"2026-09-07T19:51:02.4495399+08:00","46852","2026-09-07T16:01:49.6826283+08:00","182473.5625","626081792","3474567168","159","7546081280","True"
"2026-09-07T19:51:32.9624015+08:00","46852","2026-09-07T16:01:49.6826283+08:00","182835.296875","639094784","3474567168","159","7280328704","True"
"2026-09-07T19:52:03.4740537+08:00","46852","2026-09-07T16:01:49.6826283+08:00","183196.53125","631681024","3474567168","159","7031197696","True"
"2026-09-07T19:52:33.9766911+08:00","46852","2026-09-07T16:01:49.6826283+08:00","183558.453125","598073344","3474567168","159","7445282816","True"
"2026-09-07T19:53:04.4908018+08:00","46852","2026-09-07T16:01:49.6826283+08:00","183920.828125","651845632","3474567168","159","7681642496","True"
"2026-09-07T19:53:34.9931623+08:00","46852","2026-09-07T16:01:49.6826283+08:00","184283.15625","606588928","3474567168","159","7988195328","True"
"2026-09-07T19:54:05.4784849+08:00","46852","2026-09-07T16:01:49.6826283+08:00","184644.21875","608198656","3474567168","159","7980462080","True"
"2026-09-07T19:54:35.9899747+08:00","46852","2026-09-07T16:01:49.6826283+08:00","185007.03125","673316864","3474567168","159","7981256704","True"
"2026-09-07T19:55:06.5519644+08:00","46852","2026-09-07T16:01:49.6826283+08:00","185369.84375","662409216","3474567168","159","7959715840","True"
"2026-09-07T19:55:37.0450790+08:00","46852","2026-09-07T16:01:49.6826283+08:00","185732.125","653615104","3474567168","159","8244490240","True"
"2026-09-07T19:56:07.5653075+08:00","46852","2026-09-07T16:01:49.6826283+08:00","186093.34375","601501696","3474567168","159","8184668160","True"
"2026-09-07T19:56:38.0666389+08:00","46852","2026-09-07T16:01:49.6826283+08:00","186456.140625","618758144","3474567168","159","8175550464","True"
"2026-09-07T19:57:08.6536930+08:00","46852","2026-09-07T16:01:49.6826283+08:00","186819.984375","658862080","3474567168","159","8058871808","True"
"2026-09-07T19:57:39.2171392+08:00","46852","2026-09-07T16:01:49.6826283+08:00","187182.203125","662351872","3474567168","159","7916056576","True"
"2026-09-07T19:58:09.8180207+08:00","46852","2026-09-07T16:01:49.6826283+08:00","187544.75","633344000","3474567168","159","7968284672","True"
"2026-09-07T19:58:40.3885176+08:00","46852","2026-09-07T16:01:49.6826283+08:00","187908.140625","636829696","3474567168","159","8407261184","True"
"2026-09-07T19:59:10.9446971+08:00","46852","2026-09-07T16:01:49.6826283+08:00","188270.25","623390720","3474567168","159","8172023808","True"
"2026-09-07T19:59:41.4553972+08:00","46852","2026-09-07T16:01:49.6826283+08:00","188633.03125","606552064","3474567168","159","8128974848","True"
"2026-09-07T20:00:11.9638016+08:00","46852","2026-09-07T16:01:49.6826283+08:00","188995.265625","592551936","3474567168","159","7980331008","True"
"2026-09-07T20:00:42.4051828+08:00","46852","2026-09-07T16:01:49.6826283+08:00","189356.4375","615858176","3474567168","159","8407150592","True"
"2026-09-07T20:01:12.8912443+08:00","46852","2026-09-07T16:01:49.6826283+08:00","189717.390625","601559040","3474567168","159","8200425472","True"
"2026-09-07T20:01:43.4011121+08:00","46852","2026-09-07T16:01:49.6826283+08:00","190080.375","646516736","3474567168","159","8492175360","True"
"2026-09-07T20:02:13.9256125+08:00","46852","2026-09-07T16:01:49.6826283+08:00","190442.34375","638656512","3474567168","159","8206741504","True"
"2026-09-07T20:02:44.4139376+08:00","46852","2026-09-07T16:01:49.6826283+08:00","190804.59375","590340096","3474567168","159","8295813120","True"
"2026-09-07T20:03:14.8529461+08:00","46852","2026-09-07T16:01:49.6826283+08:00","191165.46875","649859072","3474567168","159","8267546624","True"
"2026-09-07T20:03:45.2400161+08:00","46852","2026-09-07T16:01:49.6826283+08:00","191527.640625","661417984","3474567168","159","8356540416","True"
"2026-09-07T20:04:15.7894492+08:00","46852","2026-09-07T16:01:49.6826283+08:00","191890.21875","695603200","3474567168","159","8009383936","True"
"2026-09-07T20:04:46.3957758+08:00","46852","2026-09-07T16:01:49.6826283+08:00","192253.515625","703385600","3474567168","159","8166866944","True"
"2026-09-07T20:05:16.8567703+08:00","46852","2026-09-07T16:01:49.6826283+08:00","192615.015625","718340096","3474567168","159","8120045568","True"
"2026-09-07T20:05:47.3148320+08:00","46852","2026-09-07T16:01:49.6826283+08:00","192976.25","685850624","3474567168","159","7940669440","True"
"2026-09-07T20:06:17.6947790+08:00","46852","2026-09-07T16:01:49.6826283+08:00","193305.296875","665690112","3474567168","159","8350019584","True"
"2026-09-07T20:06:48.1805010+08:00","46852","2026-09-07T16:01:49.6826283+08:00","193598.640625","695230464","3474567168","159","7988580352","True"
"2026-09-07T20:07:18.6220966+08:00","46852","2026-09-07T16:01:49.6826283+08:00","193895.421875","697430016","3474567168","159","7568482304","True"
"2026-09-07T20:07:48.9779866+08:00","46852","2026-09-07T16:01:49.6826283+08:00","194183.78125","718667776","3474567168","159","7038279680","True"
"2026-09-07T20:08:19.3548580+08:00","46852","2026-09-07T16:01:49.6826283+08:00","194471.140625","692539392","3474567168","159","7220486144","True"
"2026-09-07T20:08:49.7222910+08:00","46852","2026-09-07T16:01:49.6826283+08:00","194722.265625","694669312","3474567168","159","7509962752","True"
"2026-09-07T20:09:20.1673936+08:00","46852","2026-09-07T16:01:49.6826283+08:00","194972.546875","694300672","3474567168","159","7270367232","True"
"2026-09-07T20:09:50.6003940+08:00","46852","2026-09-07T16:01:49.6826283+08:00","195226.1875","674553856","3474567168","159","6788878336","True"
"2026-09-07T20:10:21.0210927+08:00","46852","2026-09-07T16:01:49.6826283+08:00","195471.0625","693702656","3474567168","159","6693842944","True"
"2026-09-07T20:10:51.3889316+08:00","46852","2026-09-07T16:01:49.6826283+08:00","195722.5625","664748032","3474567168","159","7505276928","True"
"2026-09-07T20:11:21.7664916+08:00","46852","2026-09-07T16:01:49.6826283+08:00","195974.171875","687067136","3474567168","159","6832877568","True"
"2026-09-07T20:11:52.1267641+08:00","46852","2026-09-07T16:01:49.6826283+08:00","196227.484375","671072256","3474567168","159","6597115904","True"
"2026-09-07T20:12:22.4744134+08:00","46852","2026-09-07T16:01:49.6826283+08:00","196479.546875","693796864","3474567168","159","6724706304","True"
"2026-09-07T20:12:52.8526138+08:00","46852","2026-09-07T16:01:49.6826283+08:00","196729.9375","697827328","3474567168","159","6792929280","True"
"2026-09-07T20:13:23.2412073+08:00","46852","2026-09-07T16:01:49.6826283+08:00","196983.796875","654254080","3474567168","159","6937317376","True"
"2026-09-07T20:13:53.6264975+08:00","46852","2026-09-07T16:01:49.6826283+08:00","197237.4375","658165760","3474567168","159","6946799616","True"
"2026-09-07T20:14:23.9566489+08:00","46852","2026-09-07T16:01:49.6826283+08:00","197487.40625","665313280","3474567168","159","6568935424","True"
"2026-09-07T20:14:54.3161760+08:00","46852","2026-09-07T16:01:49.6826283+08:00","197723.359375","666972160","3474567168","159","6349012992","True"
"2026-09-07T20:15:24.6180515+08:00","46852","2026-09-07T16:01:49.6826283+08:00","197963.484375","672702464","3474567168","159","6890438656","True"
"2026-09-07T20:15:54.9209382+08:00","46852","2026-09-07T16:01:49.6826283+08:00","198211.125","676352000","3474567168","159","6980591616","True"
"2026-09-07T20:16:25.1483407+08:00","46852","2026-09-07T16:01:49.6826283+08:00","198434.796875","699805696","3474567168","159","6656401408","True"
"2026-09-07T20:16:55.4508822+08:00","46852","2026-09-07T16:01:49.6826283+08:00","198594.96875","717033472","3474567168","159","6851710976","True"
"2026-09-07T20:17:25.7499725+08:00","46852","2026-09-07T16:01:49.6826283+08:00","198750.21875","710782976","3474567168","159","6625247232","True"
"2026-09-07T20:17:56.0648654+08:00","46852","2026-09-07T16:01:49.6826283+08:00","198777.546875","1330987008","3474567168","159","5701861376","True"
"2026-09-07T20:18:26.6137330+08:00","46852","2026-09-07T16:01:49.6826283+08:00","199173.5625","1549254656","3474567168","159","5924003840","True"
"2026-09-07T20:18:57.2784431+08:00","46852","2026-09-07T16:01:49.6826283+08:00","199618.015625","1551609856","3474567168","159","6058618880","True"
"2026-09-07T20:19:27.9694250+08:00","46852","2026-09-07T16:01:49.6826283+08:00","200067.9375","1507753984","3474567168","159","5796884480","True"
"2026-09-07T20:19:58.6854933+08:00","46852","2026-09-07T16:01:49.6826283+08:00","200517.4375","1609568256","3474567168","159","5275283456","True"
"2026-09-07T20:20:29.3418904+08:00","46852","2026-09-07T16:01:49.6826283+08:00","200966.953125","1586962432","3474567168","159","5902413824","True"
"2026-09-07T20:20:59.9649786+08:00","46852","2026-09-07T16:01:49.6826283+08:00","201415.015625","1611661312","3474567168","159","5871316992","True"
"2026-09-07T20:21:30.7022552+08:00","46852","2026-09-07T16:01:49.6826283+08:00","201865.59375","1574432768","3474567168","159","5971128320","True"
"2026-09-07T20:22:01.4239866+08:00","46852","2026-09-07T16:01:49.6826283+08:00","202312.65625","1594667008","3474567168","159","5772656640","True"
"2026-09-07T20:22:32.1214646+08:00","46852","2026-09-07T16:01:49.6826283+08:00","202761.296875","1582043136","3474567168","159","5602344960","True"
"2026-09-07T20:23:02.7861925+08:00","46852","2026-09-07T16:01:49.6826283+08:00","203209.671875","1571897344","3474567168","159","5758152704","True"
"2026-09-07T20:23:33.5097105+08:00","46852","2026-09-07T16:01:49.6826283+08:00","203654.25","1615609856","3474567168","163","5704028160","True"
"2026-09-07T20:24:04.2324096+08:00","46852","2026-09-07T16:01:49.6826283+08:00","204102.265625","1642385408","3474567168","163","5384900608","True"
"2026-09-07T20:24:34.9309735+08:00","46852","2026-09-07T16:01:49.6826283+08:00","204547.015625","1619263488","3474567168","163","5549928448","True"
"2026-09-07T20:25:05.6098541+08:00","46852","2026-09-07T16:01:49.6826283+08:00","204992.046875","1596796928","3474567168","163","5278912512","True"
"2026-09-07T20:25:36.3151977+08:00","46852","2026-09-07T16:01:49.6826283+08:00","205440.421875","1572872192","3474567168","159","5038718976","True"
"2026-09-07T20:26:07.0047131+08:00","46852","2026-09-07T16:01:49.6826283+08:00","205887.046875","1664729088","3474567168","159","5256552448","True"
"2026-09-07T20:26:37.7949010+08:00","46852","2026-09-07T16:01:49.6826283+08:00","206330.78125","1616699392","3474567168","164","5267931136","True"
"2026-09-07T20:27:08.5921716+08:00","46852","2026-09-07T16:01:49.6826283+08:00","206771.265625","1600487424","3474567168","164","4985880576","True"
"2026-09-07T20:27:39.2834470+08:00","46852","2026-09-07T16:01:49.6826283+08:00","207220.296875","1608564736","3474567168","163","4930244608","True"
"2026-09-07T20:28:10.0603105+08:00","46852","2026-09-07T16:01:49.6826283+08:00","207671.40625","1637670912","3474567168","163","5101006848","True"
"2026-09-07T20:28:40.8142361+08:00","46852","2026-09-07T16:01:49.6826283+08:00","208121.453125","1577152512","3474567168","163","5211660288","True"
"2026-09-07T20:29:11.5409763+08:00","46852","2026-09-07T16:01:49.6826283+08:00","208569.484375","1615585280","3474567168","159","5495721984","True"
"2026-09-07T20:29:42.3109166+08:00","46852","2026-09-07T16:01:49.6826283+08:00","209017.921875","1654358016","3474567168","159","5200556032","True"
"2026-09-07T20:30:12.9409250+08:00","46852","2026-09-07T16:01:49.6826283+08:00","209464.28125","1634238464","3474567168","159","5078618112","True"
"2026-09-07T20:30:43.6895850+08:00","46852","2026-09-07T16:01:49.6826283+08:00","209915.28125","1583464448","3474567168","159","5281636352","True"
"2026-09-07T20:31:14.3946124+08:00","46852","2026-09-07T16:01:49.6826283+08:00","210364.9375","1618862080","3474567168","159","5213171712","True"
"2026-09-07T20:31:45.0604292+08:00","46852","2026-09-07T16:01:49.6826283+08:00","210805.921875","1709420544","3474567168","159","4552253440","True"
"2026-09-07T20:32:15.6317986+08:00","46852","2026-09-07T16:01:49.6826283+08:00","211250","1614897152","3474567168","161","4254793728","True"
"2026-09-07T20:32:46.8319745+08:00","46852","2026-09-07T16:01:49.6826283+08:00","211397.515625","1584984064","3474567168","162","3605450752","True"
"2026-09-07T20:44:38.8247289+08:00","46852","2026-09-07T16:01:49.6826283+08:00","211698.875","1542475776","3474567168","167","3128295424","True"
"2026-09-07T20:45:09.4528124+08:00","46852","2026-09-07T16:01:49.6826283+08:00","212149.4375","1586036736","3474567168","167","4085424128","True"
"2026-09-07T20:45:46.9232324+08:00","46852","2026-09-07T16:01:49.6826283+08:00","212600.5","1574416384","3474567168","167","4183429120","True"
"2026-09-07T20:46:17.5173981+08:00","46852","2026-09-07T16:01:49.6826283+08:00","213052.25","1549393920","3474567168","162","4446244864","True"
"2026-09-07T20:46:48.0624184+08:00","46852","2026-09-07T16:01:49.6826283+08:00","213504.6875","1554751488","3474567168","162","4542709760","True"
"2026-09-07T20:47:18.5733231+08:00","46852","2026-09-07T16:01:49.6826283+08:00","213957.140625","1627889664","3474567168","162","4551450624","True"
"2026-09-07T20:47:49.0966726+08:00","46852","2026-09-07T16:01:49.6826283+08:00","214406.921875","1558761472","3474567168","164","4719316992","True"
"2026-09-07T20:48:19.7393454+08:00","46852","2026-09-07T16:01:49.6826283+08:00","214860.578125","1644937216","3474567168","164","4576247808","True"
"2026-09-07T20:48:50.4526778+08:00","46852","2026-09-07T16:01:49.6826283+08:00","215315.234375","1614520320","3474567168","164","4686045184","True"
"2026-09-07T20:49:21.1549015+08:00","46852","2026-09-07T16:01:49.6826283+08:00","215769.59375","1549148160","3474567168","159","4284375040","True"
"2026-09-07T20:49:51.7890090+08:00","46852","2026-09-07T16:01:49.6826283+08:00","216217.640625","203874304","3474567168","163","10378240000","True"
"2026-09-07T20:50:22.5336291+08:00","46852","2026-09-07T16:01:49.6826283+08:00","216672.78125","248844288","3474567168","163","13965864960","True"
"2026-09-07T20:50:53.1988555+08:00","46852","2026-09-07T16:01:49.6826283+08:00","217126.21875","236404736","3474567168","163","13611315200","True"
"2026-09-07T20:51:23.8616520+08:00","46852","2026-09-07T16:01:49.6826283+08:00","217578.78125","228585472","3474567168","159","13112737792","True"
"2026-09-07T20:51:54.4924575+08:00","46852","2026-09-07T16:01:49.6826283+08:00","218031.984375","302526464","3474567168","159","13174685696","True"
"2026-09-07T20:52:25.1044447+08:00","46852","2026-09-07T16:01:49.6826283+08:00","218484.71875","257019904","3474567168","159","12999213056","True"
"2026-09-07T20:52:55.6342699+08:00","46852","2026-09-07T16:01:49.6826283+08:00","218936.390625","238645248","3474567168","159","12980539392","True"
"2026-09-07T20:53:26.2637459+08:00","46852","2026-09-07T16:01:49.6826283+08:00","219388.625","297254912","3474567168","159","12753129472","True"
"2026-09-07T20:53:56.8798949+08:00","46852","2026-09-07T16:01:49.6826283+08:00","219840.453125","303382528","3474567168","159","12756221952","True"
"2026-09-07T20:54:27.4624475+08:00","46852","2026-09-07T16:01:49.6826283+08:00","220291.0625","323330048","3474567168","159","12516782080","True"
"2026-09-07T20:54:58.0219976+08:00","46852","2026-09-07T16:01:49.6826283+08:00","220741.3125","350097408","3474567168","159","12691345408","True"
"2026-09-07T20:55:28.6606342+08:00","46852","2026-09-07T16:01:49.6826283+08:00","221192.59375","348057600","3474567168","159","12741234688","True"
"2026-09-07T20:55:59.2227256+08:00","46852","2026-09-07T16:01:49.6826283+08:00","221635.765625","323207168","3474567168","159","12636823552","True"
"2026-09-07T20:56:29.7871101+08:00","46852","2026-09-07T16:01:49.6826283+08:00","222056.59375","359313408","3474567168","159","12397436928","True"
"2026-09-07T20:57:00.3663208+08:00","46852","2026-09-07T16:01:49.6826283+08:00","222479.578125","346005504","3474567168","159","12417675264","True"
"2026-09-07T20:57:30.9442917+08:00","46852","2026-09-07T16:01:49.6826283+08:00","222902.09375","351436800","3474567168","159","11807887360","True"
"2026-09-07T20:58:01.5374892+08:00","46852","2026-09-07T16:01:49.6826283+08:00","223324.0625","313233408","3474567168","159","11649576960","True"
"2026-09-07T20:58:32.1089341+08:00","46852","2026-09-07T16:01:49.6826283+08:00","223747.15625","298110976","3474567168","159","11511697408","True"
"2026-09-07T20:59:02.6881893+08:00","46852","2026-09-07T16:01:49.6826283+08:00","224171.3125","331632640","3474567168","159","11605295104","True"
"2026-09-07T20:59:33.2331328+08:00","46852","2026-09-07T16:01:49.6826283+08:00","224593.578125","312397824","3474567168","159","11279908864","True"
"2026-09-07T21:00:03.8356994+08:00","46852","2026-09-07T16:01:49.6826283+08:00","225018.375","286007296","3474567168","159","11490742272","True"
"2026-09-07T21:00:34.4223772+08:00","46852","2026-09-07T16:01:49.6826283+08:00","225440.703125","371322880","3474567168","159","11523162112","True"
"2026-09-07T21:01:04.9757804+08:00","46852","2026-09-07T16:01:49.6826283+08:00","225864.90625","315510784","3474567168","159","11551834112","True"
"2026-09-07T21:01:35.4994913+08:00","46852","2026-09-07T16:01:49.6826283+08:00","226287.828125","368377856","3474567168","159","11320717312","True"
"2026-09-07T21:02:06.0837220+08:00","46852","2026-09-07T16:01:49.6826283+08:00","226711.0625","354828288","3474567168","159","11418066944","True"
"2026-09-07T21:02:36.6552635+08:00","46852","2026-09-07T16:01:49.6826283+08:00","227134.546875","292663296","3474567168","159","11381305344","True"
"2026-09-07T21:03:07.2509701+08:00","46852","2026-09-07T16:01:49.6826283+08:00","227559.828125","416026624","3474567168","159","11286773760","True"
"2026-09-07T21:03:37.8320315+08:00","46852","2026-09-07T16:01:49.6826283+08:00","227984.046875","327270400","3474567168","159","11256725504","True"
"2026-09-07T21:04:08.3632524+08:00","46852","2026-09-07T16:01:49.6826283+08:00","228407.703125","318607360","3474567168","159","11160252416","True"
"2026-09-07T21:04:38.9617194+08:00","46852","2026-09-07T16:01:49.6826283+08:00","228832.0625","337666048","3474567168","159","11221590016","True"
"2026-09-07T21:05:09.4966477+08:00","46852","2026-09-07T16:01:49.6826283+08:00","229254.859375","436826112","3474567168","159","11157258240","True"
"2026-09-07T21:05:40.1182033+08:00","46852","2026-09-07T16:01:49.6826283+08:00","229677.6875","341524480","3474567168","159","11311374336","True"
"2026-09-07T21:06:10.6884404+08:00","46852","2026-09-07T16:01:49.6826283+08:00","230101.390625","352100352","3474567168","159","10573348864","True"
"2026-09-07T21:06:41.3455748+08:00","46852","2026-09-07T16:01:49.6826283+08:00","230524.921875","349642752","3474567168","159","10846085120","True"
"2026-09-07T21:07:11.9196892+08:00","46852","2026-09-07T16:01:49.6826283+08:00","230948.703125","370929664","3474567168","159","10697678848","True"
"2026-09-07T21:07:42.4822570+08:00","46852","2026-09-07T16:01:49.6826283+08:00","231371.25","364494848","3474567168","159","10820308992","True"
"2026-09-07T21:08:13.0542905+08:00","46852","2026-09-07T16:01:49.6826283+08:00","231793.109375","383475712","3474567168","159","10727956480","True"
"2026-09-07T21:08:43.6173807+08:00","46852","2026-09-07T16:01:49.6826283+08:00","232215.109375","379813888","3474567168","159","10705317888","True"
"2026-09-07T21:09:14.1950231+08:00","46852","2026-09-07T16:01:49.6826283+08:00","232637.40625","376320000","3474567168","159","10713559040","True"
"2026-09-07T21:09:44.7815785+08:00","46852","2026-09-07T16:01:49.6826283+08:00","233059.75","293392384","3474567168","159","10832838656","True"
"2026-09-07T21:10:15.3636099+08:00","46852","2026-09-07T16:01:49.6826283+08:00","233482.421875","332898304","3474567168","159","10823155712","True"
"2026-09-07T21:10:45.9441110+08:00","46852","2026-09-07T16:01:49.6826283+08:00","233903.953125","378687488","3474567168","159","10891661312","True"
"2026-09-07T21:11:16.5445431+08:00","46852","2026-09-07T16:01:49.6826283+08:00","234326.359375","409743360","3474567168","159","10735255552","True"
"2026-09-07T21:11:47.2009156+08:00","46852","2026-09-07T16:01:49.6826283+08:00","234747.71875","428335104","3474567168","159","10829053952","True"
"2026-09-07T21:12:17.8019900+08:00","46852","2026-09-07T16:01:49.6826283+08:00","235169.171875","394108928","3474567168","159","10711437312","True"
"2026-09-07T21:12:48.4096319+08:00","46852","2026-09-07T16:01:49.6826283+08:00","235593.40625","379887616","3474567168","159","10724233216","True"
"2026-09-07T21:13:18.9819779+08:00","46852","2026-09-07T16:01:49.6826283+08:00","236017.328125","385249280","3474567168","159","10707206144","True"
"2026-09-07T21:13:49.5499876+08:00","46852","2026-09-07T16:01:49.6826283+08:00","236440.84375","358875136","3474567168","159","10733326336","True"
"2026-09-07T21:14:20.1483109+08:00","46852","2026-09-07T16:01:49.6826283+08:00","236864.09375","371564544","3474567168","159","10504933376","True"
"2026-09-07T21:14:50.7441745+08:00","46852","2026-09-07T16:01:49.6826283+08:00","237288.53125","337797120","3474567168","159","10577567744","True"
"2026-09-07T21:15:21.3359347+08:00","46852","2026-09-07T16:01:49.6826283+08:00","237712.59375","398794752","3474567168","159","10657357824","True"
"2026-09-07T21:15:51.8556297+08:00","46852","2026-09-07T16:01:49.6826283+08:00","238135.921875","358666240","3474567168","159","10761523200","True"
"2026-09-07T21:16:22.3480076+08:00","46852","2026-09-07T16:01:49.6826283+08:00","238557.671875","355835904","3474567168","159","10438623232","True"
"2026-09-07T21:16:52.8685726+08:00","46852","2026-09-07T16:01:49.6826283+08:00","238981.09375","329977856","3474567168","159","10580770816","True"
"2026-09-07T21:17:23.4491335+08:00","46852","2026-09-07T16:01:49.6826283+08:00","239404.734375","425357312","3474567168","159","10434437120","True"
"2026-09-07T21:17:53.9264617+08:00","46852","2026-09-07T16:01:49.6826283+08:00","239827.53125","331227136","3474567168","159","10263707648","True"
"2026-09-07T21:18:24.4730234+08:00","46852","2026-09-07T16:01:49.6826283+08:00","240251.40625","351088640","3474567168","159","10153504768","True"
"2026-09-07T21:18:55.0150390+08:00","46852","2026-09-07T16:01:49.6826283+08:00","240675.546875","429772800","3474567168","159","10165465088","True"
"2026-09-07T21:19:25.5971064+08:00","46852","2026-09-07T16:01:49.6826283+08:00","241081.5625","408621056","3474567168","159","9713799168","True"
"2026-09-07T21:19:56.1572059+08:00","46852","2026-09-07T16:01:49.6826283+08:00","241474.890625","397819904","3474567168","159","10182066176","True"
"2026-09-07T21:20:26.7137654+08:00","46852","2026-09-07T16:01:49.6826283+08:00","241866.234375","368607232","3474567168","159","10033188864","True"
"2026-09-07T21:20:57.2275975+08:00","46852","2026-09-07T16:01:49.6826283+08:00","242259.890625","418562048","3474567168","159","10151419904","True"
"2026-09-07T21:21:27.7719048+08:00","46852","2026-09-07T16:01:49.6826283+08:00","242652.921875","396775424","3474567168","159","10169327616","True"
"2026-09-07T21:21:58.3529650+08:00","46852","2026-09-07T16:01:49.6826283+08:00","243046.046875","389353472","3474567168","159","10283790336","True"
"2026-09-07T21:22:28.9091033+08:00","46852","2026-09-07T16:01:49.6826283+08:00","243438.171875","380239872","3474567168","159","10134646784","True"
"2026-09-07T21:22:59.4207367+08:00","46852","2026-09-07T16:01:49.6826283+08:00","243830.421875","380702720","3474567168","159","9993129984","True"
"2026-09-07T21:23:29.9493268+08:00","46852","2026-09-07T16:01:49.6826283+08:00","244221.6875","402542592","3474567168","159","10150985728","True"
"2026-09-07T21:24:00.4705960+08:00","46852","2026-09-07T16:01:49.6826283+08:00","244613.421875","404365312","3474567168","159","10118152192","True"
"2026-09-07T21:24:30.9842948+08:00","46852","2026-09-07T16:01:49.6826283+08:00","245004.34375","423669760","3474567168","159","9962151936","True"
"2026-09-07T21:25:01.5809191+08:00","46852","2026-09-07T16:01:49.6826283+08:00","245397.328125","425701376","3474567168","159","9782595584","True"
"2026-09-07T21:25:32.1476954+08:00","46852","2026-09-07T16:01:49.6826283+08:00","245789.140625","444325888","3474567168","159","9178918912","True"
"2026-09-07T21:26:02.6580819+08:00","46852","2026-09-07T16:01:49.6826283+08:00","246181.34375","411398144","3474567168","159","9649987584","True"
"2026-09-07T21:26:33.1739407+08:00","46852","2026-09-07T16:01:49.6826283+08:00","246571.890625","482467840","3474567168","159","9511026688","True"
"2026-09-07T21:27:03.7453735+08:00","46852","2026-09-07T16:01:49.6826283+08:00","246965.5625","461336576","3474567168","159","9657458688","True"
"2026-09-07T21:27:34.2770715+08:00","46852","2026-09-07T16:01:49.6826283+08:00","247358.265625","420016128","3474567168","159","9411641344","True"
"2026-09-07T21:28:04.8083305+08:00","46852","2026-09-07T16:01:49.6826283+08:00","247752.046875","509960192","3474567168","159","9267818496","True"
"2026-09-07T21:28:35.2998280+08:00","46852","2026-09-07T16:01:49.6826283+08:00","248144.75","463106048","3474567168","159","9466421248","True"
"2026-09-07T21:29:05.7691837+08:00","46852","2026-09-07T16:01:49.6826283+08:00","248537.078125","428376064","3474567168","159","9460027392","True"
"2026-09-07T21:29:36.2616987+08:00","46852","2026-09-07T16:01:49.6826283+08:00","248929.5","519999488","3474567168","159","9228484608","True"
"2026-09-07T21:30:06.8575569+08:00","46852","2026-09-07T16:01:49.6826283+08:00","249324.296875","490610688","3474567168","159","9243914240","True"
"2026-09-07T21:30:37.4016421+08:00","46852","2026-09-07T16:01:49.6826283+08:00","249718.03125","507875328","3474567168","159","9348100096","True"
"2026-09-07T21:31:07.9691413+08:00","46852","2026-09-07T16:01:49.6826283+08:00","250111.546875","505171968","3474567168","159","9192206336","True"
"2026-09-07T21:31:38.4581265+08:00","46852","2026-09-07T16:01:49.6826283+08:00","250495.203125","475906048","3474567168","159","9432629248","True"
"2026-09-07T21:32:08.9710000+08:00","46852","2026-09-07T16:01:49.6826283+08:00","250857.546875","499216384","3474567168","159","9141202944","True"
"2026-09-07T21:32:39.4372590+08:00","46852","2026-09-07T16:01:49.6826283+08:00","251219.03125","512233472","3474567168","159","9186365440","True"
"2026-09-07T21:33:09.8557046+08:00","46852","2026-09-07T16:01:49.6826283+08:00","251580.84375","513404928","3474567168","159","9199026176","True"
"2026-09-07T21:33:40.3472960+08:00","46852","2026-09-07T16:01:49.6826283+08:00","251943.6875","524750848","3474567168","159","9278763008","True"
"2026-09-07T21:34:10.8310874+08:00","46852","2026-09-07T16:01:49.6826283+08:00","252306.734375","504623104","3474567168","159","9164570624","True"
"2026-09-07T21:34:41.3452089+08:00","46852","2026-09-07T16:01:49.6826283+08:00","252669","521396224","3474567168","159","9129746432","True"
"2026-09-07T21:35:11.8365529+08:00","46852","2026-09-07T16:01:49.6826283+08:00","253031.6875","482562048","3474567168","159","9237176320","True"
"2026-09-07T21:35:42.3628793+08:00","46852","2026-09-07T16:01:49.6826283+08:00","253393.8125","467165184","3474567168","159","9339518976","True"
"2026-09-07T21:36:12.8855049+08:00","46852","2026-09-07T16:01:49.6826283+08:00","253756.453125","497889280","3474567168","159","9202610176","True"
"2026-09-07T21:36:43.3512111+08:00","46852","2026-09-07T16:01:49.6826283+08:00","254117.328125","489725952","3474567168","159","9285685248","True"
"2026-09-07T21:37:13.8302293+08:00","46852","2026-09-07T16:01:49.6826283+08:00","254479.09375","469839872","3474567168","159","9032843264","True"
"2026-09-07T21:37:44.3250856+08:00","46852","2026-09-07T16:01:49.6826283+08:00","254840.71875","503353344","3474567168","159","9035771904","True"
"2026-09-07T21:38:14.8229281+08:00","46852","2026-09-07T16:01:49.6826283+08:00","255201.8125","520155136","3474567168","159","9166135296","True"
"2026-09-07T21:38:45.3002852+08:00","46852","2026-09-07T16:01:49.6826283+08:00","255562.921875","492601344","3474567168","159","9199554560","True"
"2026-09-07T21:39:15.7932854+08:00","46852","2026-09-07T16:01:49.6826283+08:00","255925.078125","476102656","3474567168","159","9111212032","True"
"2026-09-07T21:39:46.2939073+08:00","46852","2026-09-07T16:01:49.6826283+08:00","256286.828125","511086592","3474567168","159","9051680768","True"
"2026-09-07T21:40:16.8004684+08:00","46852","2026-09-07T16:01:49.6826283+08:00","256648.953125","504393728","3474567168","159","9115312128","True"
"2026-09-07T21:40:47.2809898+08:00","46852","2026-09-07T16:01:49.6826283+08:00","257011.09375","511266816","3474567168","159","9137430528","True"
"2026-09-07T21:41:17.7732354+08:00","46852","2026-09-07T16:01:49.6826283+08:00","257372.6875","477724672","3474567168","159","9179336704","True"
"2026-09-07T21:41:48.2041678+08:00","46852","2026-09-07T16:01:49.6826283+08:00","257733.90625","534073344","3474567168","159","9270050816","True"
"2026-09-07T21:42:18.7590344+08:00","46852","2026-09-07T16:01:49.6826283+08:00","258096.9375","499142656","3474567168","159","8976560128","True"
"2026-09-07T21:42:49.2515505+08:00","46852","2026-09-07T16:01:49.6826283+08:00","258460.0625","512688128","3474567168","159","8919015424","True"
"2026-09-07T21:43:19.7464944+08:00","46852","2026-09-07T16:01:49.6826283+08:00","258822.875","474451968","3474567168","159","9007050752","True"
"2026-09-07T21:43:50.2137421+08:00","46852","2026-09-07T16:01:49.6826283+08:00","259185.6875","464465920","3474567168","159","9058619392","True"
"2026-09-07T21:44:20.7119956+08:00","46852","2026-09-07T16:01:49.6826283+08:00","259547.953125","483995648","3474567168","159","8756682752","True"
"2026-09-07T21:44:51.2654015+08:00","46852","2026-09-07T16:01:49.6826283+08:00","259911.734375","526032896","3474567168","159","8804913152","True"
"2026-09-07T21:45:21.8141137+08:00","46852","2026-09-07T16:01:49.6826283+08:00","260275.3125","481316864","3474567168","159","8861016064","True"
"2026-09-07T21:45:52.3001453+08:00","46852","2026-09-07T16:01:49.6826283+08:00","260638.328125","486633472","3474567168","159","8987934720","True"
"2026-09-07T21:46:22.7418467+08:00","46852","2026-09-07T16:01:49.6826283+08:00","261000.4375","466558976","3474567168","159","8824643584","True"
"2026-09-07T21:46:53.2818435+08:00","46852","2026-09-07T16:01:49.6826283+08:00","261364.953125","488148992","3474567168","159","8747016192","True"
"2026-09-07T21:47:23.7832021+08:00","46852","2026-09-07T16:01:49.6826283+08:00","261728.328125","504397824","3474567168","159","8813318144","True"
"2026-09-07T21:47:54.2294657+08:00","46852","2026-09-07T16:01:49.6826283+08:00","262091.265625","497266688","3474567168","159","8866361344","True"
"2026-09-07T21:48:24.7171100+08:00","46852","2026-09-07T16:01:49.6826283+08:00","262453.84375","510590976","3474567168","159","8725282816","True"
"2026-09-07T21:48:55.2194654+08:00","46852","2026-09-07T16:01:49.6826283+08:00","262817.515625","481923072","3474567168","159","8896671744","True"
"2026-09-07T21:49:25.7241227+08:00","46852","2026-09-07T16:01:49.6826283+08:00","263180.8125","482054144","3474567168","159","8685473792","True"
"2026-09-07T21:49:56.2570849+08:00","46852","2026-09-07T16:01:49.6826283+08:00","263543.90625","494477312","3474567168","159","8754814976","True"
"2026-09-07T21:50:26.7137555+08:00","46852","2026-09-07T16:01:49.6826283+08:00","263906.359375","504020992","3474567168","159","8857780224","True"
"2026-09-07T21:50:57.2165645+08:00","46852","2026-09-07T16:01:49.6826283+08:00","264269.09375","504643584","3474567168","159","8961642496","True"
"2026-09-07T21:51:27.7208075+08:00","46852","2026-09-07T16:01:49.6826283+08:00","264632.390625","534188032","3474567168","159","8933879808","True"
"2026-09-07T21:51:58.2178985+08:00","46852","2026-09-07T16:01:49.6826283+08:00","264994.875","517476352","3474567168","159","8713592832","True"
"2026-09-07T21:52:28.7026984+08:00","46852","2026-09-07T16:01:49.6826283+08:00","265357.328125","492888064","3474567168","159","8744898560","True"
"2026-09-07T21:52:59.2372901+08:00","46852","2026-09-07T16:01:49.6826283+08:00","265721.28125","504823808","3474567168","159","8998227968","True"
"2026-09-07T21:53:29.7398691+08:00","46852","2026-09-07T16:01:49.6826283+08:00","266083.40625","513384448","3474567168","159","8783048704","True"
"2026-09-07T21:54:00.2403227+08:00","46852","2026-09-07T16:01:49.6826283+08:00","266447.359375","500236288","3474567168","159","8895512576","True"
"2026-09-07T21:54:30.7516470+08:00","46852","2026-09-07T16:01:49.6826283+08:00","266810.21875","492658688","3474567168","159","8557232128","True"
"2026-09-07T21:55:01.2738747+08:00","46852","2026-09-07T16:01:49.6826283+08:00","267174.171875","473219072","3474567168","159","8753127424","True"
"2026-09-07T21:55:31.7946843+08:00","46852","2026-09-07T16:01:49.6826283+08:00","267538","475308032","3474567168","159","8880832512","True"
"2026-09-07T21:56:02.2984176+08:00","46852","2026-09-07T16:01:49.6826283+08:00","267901.203125","493395968","3474567168","159","8969781248","True"
"2026-09-07T21:56:32.7877255+08:00","46852","2026-09-07T16:01:49.6826283+08:00","268264","498659328","3474567168","159","8786956288","True"
"2026-09-07T21:57:03.3112702+08:00","46852","2026-09-07T16:01:49.6826283+08:00","268627.0625","489381888","3474567168","159","8806690816","True"
"2026-09-07T21:57:33.8087570+08:00","46852","2026-09-07T16:01:49.6826283+08:00","268989.84375","483459072","3474567168","159","8751374336","True"
"2026-09-07T21:58:04.2978148+08:00","46852","2026-09-07T16:01:49.6826283+08:00","269352.90625","475803648","3474567168","159","8874729472","True"
"2026-09-07T21:58:34.7936139+08:00","46852","2026-09-07T16:01:49.6826283+08:00","269715.859375","496185344","3474567168","159","8705155072","True"
"2026-09-07T21:59:05.3074666+08:00","46852","2026-09-07T16:01:49.6826283+08:00","270079.6875","464842752","3474567168","159","8871387136","True"
"2026-09-07T21:59:35.8073942+08:00","46852","2026-09-07T16:01:49.6826283+08:00","270442.8125","492015616","3474567168","159","8571899904","True"
"2026-09-07T22:00:06.3136641+08:00","46852","2026-09-07T16:01:49.6826283+08:00","270805.203125","504430592","3474567168","159","8722731008","True"
"2026-09-07T22:00:36.8286310+08:00","46852","2026-09-07T16:01:49.6826283+08:00","271168.859375","484175872","3474567168","159","8729780224","True"
"2026-09-07T22:01:07.3038380+08:00","46852","2026-09-07T16:01:49.6826283+08:00","271531.078125","482570240","3474567168","159","8803274752","True"
"2026-09-07T22:01:37.8089588+08:00","46852","2026-09-07T16:01:49.6826283+08:00","271894.546875","528990208","3474567168","159","8771289088","True"
"2026-09-07T22:02:08.2835472+08:00","46852","2026-09-07T16:01:49.6826283+08:00","272257.28125","521437184","3474567168","159","8809648128","True"
"2026-09-07T22:02:38.7809157+08:00","46852","2026-09-07T16:01:49.6826283+08:00","272619.96875","476803072","3474567168","159","8740253696","True"
"2026-09-07T22:03:09.2784723+08:00","46852","2026-09-07T16:01:49.6826283+08:00","272982.984375","466296832","3474567168","159","8877875200","True"
"2026-09-07T22:03:39.7742052+08:00","46852","2026-09-07T16:01:49.6826283+08:00","273346.203125","518373376","3474567168","159","8976105472","True"
"2026-09-07T22:04:10.2947981+08:00","46852","2026-09-07T16:01:49.6826283+08:00","273709.34375","501043200","3474567168","159","8815927296","True"
"2026-09-07T22:04:40.7916909+08:00","46852","2026-09-07T16:01:49.6826283+08:00","274071.765625","511561728","3474567168","159","8658477056","True"
"2026-09-07T22:05:11.2473732+08:00","46852","2026-09-07T16:01:49.6826283+08:00","274432.484375","561545216","3474567168","159","8326000640","True"
"2026-09-07T22:05:41.6298460+08:00","46852","2026-09-07T16:01:49.6826283+08:00","274793.953125","487989248","3474567168","159","8483745792","True"
"2026-09-07T22:06:12.1394692+08:00","46852","2026-09-07T16:01:49.6826283+08:00","275156.65625","554364928","3474567168","159","8189206528","True"
"2026-09-07T22:06:42.6473642+08:00","46852","2026-09-07T16:01:49.6826283+08:00","275519.671875","566394880","3474567168","159","8251363328","True"
"2026-09-07T22:07:13.1497053+08:00","46852","2026-09-07T16:01:49.6826283+08:00","275882.421875","565436416","3474567168","159","8484061184","True"
"2026-09-07T22:07:43.6049925+08:00","46852","2026-09-07T16:01:49.6826283+08:00","276206.640625","553725952","3474567168","159","8500150272","True"
"2026-09-07T22:08:13.9354967+08:00","46852","2026-09-07T16:01:49.6826283+08:00","276496.703125","546369536","3474567168","159","8491548672","True"
"2026-09-07T22:08:44.3165153+08:00","46852","2026-09-07T16:01:49.6826283+08:00","276793.984375","599035904","3474567168","159","8517525504","True"
"2026-09-07T22:09:14.7215209+08:00","46852","2026-09-07T16:01:49.6826283+08:00","277090.96875","584273920","3474567168","159","8220692480","True"
"2026-09-07T22:09:45.1391141+08:00","46852","2026-09-07T16:01:49.6826283+08:00","277387.71875","584851456","3474567168","159","8335749120","True"
"2026-09-07T22:10:15.4815324+08:00","46852","2026-09-07T16:01:49.6826283+08:00","277674.640625","545218560","3474567168","159","8408412160","True"
"2026-09-07T22:10:45.8611583+08:00","46852","2026-09-07T16:01:49.6826283+08:00","277928.765625","550645760","3474567168","159","8454684672","True"
"2026-09-07T22:11:16.1935060+08:00","46852","2026-09-07T16:01:49.6826283+08:00","278182.390625","555438080","3474567168","159","8377520128","True"
"2026-09-07T22:11:46.5319987+08:00","46852","2026-09-07T16:01:49.6826283+08:00","278433.5","574824448","3474567168","159","8288661504","True"
"2026-09-07T22:12:16.8162064+08:00","46852","2026-09-07T16:01:49.6826283+08:00","278671.25","549896192","3474567168","159","8288030720","True"
"2026-09-07T22:12:47.1631661+08:00","46852","2026-09-07T16:01:49.6826283+08:00","278900.828125","581632000","3474567168","159","8496578560","True"
"2026-09-07T22:13:17.4997613+08:00","46852","2026-09-07T16:01:49.6826283+08:00","279149.234375","590888960","3474567168","159","8374165504","True"
"2026-09-07T22:13:47.7729344+08:00","46852","2026-09-07T16:01:49.6826283+08:00","279349.59375","597336064","3474567168","159","8491499520","True"
"2026-09-07T22:14:17.9633493+08:00","46852","2026-09-07T16:01:49.6826283+08:00","279407.359375","1218846720","3474567168","159","7483445248","True"
"2026-09-07T22:14:48.4282544+08:00","46852","2026-09-07T16:01:49.6826283+08:00","279641.0625","1627074560","3474567168","159","7350390784","True"
"2026-09-07T22:15:18.9557600+08:00","46852","2026-09-07T16:01:49.6826283+08:00","280092.828125","1615138816","3474567168","159","7487344640","True"
"2026-09-07T22:15:49.5017817+08:00","46852","2026-09-07T16:01:49.6826283+08:00","280544.53125","1631186944","3474567168","159","7970496512","True"
"2026-09-07T22:16:20.0746182+08:00","46852","2026-09-07T16:01:49.6826283+08:00","280998.53125","1593700352","3474567168","159","7653257216","True"
"2026-09-07T22:16:50.8155315+08:00","46852","2026-09-07T16:01:49.6826283+08:00","281452.578125","1669419008","3474567168","159","7670640640","True"
"2026-09-07T22:17:21.4535267+08:00","46852","2026-09-07T16:01:49.6826283+08:00","281907.21875","1693839360","3474567168","159","7741136896","True"
"2026-09-07T22:17:52.1064605+08:00","46852","2026-09-07T16:01:49.6826283+08:00","282362.34375","1625346048","3474567168","159","7714107392","True"
"2026-09-07T22:18:22.7548531+08:00","46852","2026-09-07T16:01:49.6826283+08:00","282815.984375","1665191936","3474567168","159","7847026688","True"
"2026-09-07T22:18:53.3876415+08:00","46852","2026-09-07T16:01:49.6826283+08:00","283270.703125","1622646784","3474567168","159","7951626240","True"
"2026-09-07T22:19:23.9956149+08:00","46852","2026-09-07T16:01:49.6826283+08:00","283722.4375","1679429632","3474567168","159","7184338944","True"
"2026-09-07T22:19:54.5860603+08:00","46852","2026-09-07T16:01:49.6826283+08:00","284175.96875","1642213376","3474567168","159","7910567936","True"
"2026-09-07T22:20:25.2135616+08:00","46852","2026-09-07T16:01:49.6826283+08:00","284628.0625","1633263616","3474567168","159","7795867648","True"
"2026-09-07T22:20:55.8365423+08:00","46852","2026-09-07T16:01:49.6826283+08:00","285082.140625","1660641280","3474567168","159","7997485056","True"
"2026-09-07T22:21:26.4851409+08:00","46852","2026-09-07T16:01:49.6826283+08:00","285535.53125","1668182016","3474567168","159","7837728768","True"
"2026-09-07T22:21:57.1458745+08:00","46852","2026-09-07T16:01:49.6826283+08:00","285989.765625","1704394752","3474567168","159","7832780800","True"
"2026-09-07T22:22:27.8138030+08:00","46852","2026-09-07T16:01:49.6826283+08:00","286444.59375","1673621504","3474567168","159","7831556096","True"
"2026-09-07T22:22:58.4504997+08:00","46852","2026-09-07T16:01:49.6826283+08:00","286898.5","1644257280","3474567168","159","7823900672","True"
"2026-09-07T22:23:29.0677645+08:00","46852","2026-09-07T16:01:49.6826283+08:00","287352.734375","1652809728","3474567168","159","7951409152","True"
"2026-09-07T22:23:59.7116367+08:00","46852","2026-09-07T16:01:49.6826283+08:00","287807.265625","1673633792","3474567168","159","7844507648","True"
"2026-09-07T22:24:30.3372768+08:00","46852","2026-09-07T16:01:49.6826283+08:00","288260.5625","1673220096","3474567168","159","7668613120","True"
"2026-09-07T22:25:01.0127972+08:00","46852","2026-09-07T16:01:49.6826283+08:00","288713.015625","1664045056","3474567168","159","7667773440","True"
"2026-09-07T22:25:31.6611478+08:00","46852","2026-09-07T16:01:49.6826283+08:00","289165.140625","1695473664","3474567168","159","7495409664","True"
"2026-09-07T22:26:02.3351575+08:00","46852","2026-09-07T16:01:49.6826283+08:00","289621.453125","1653776384","3474567168","159","7846490112","True"
"2026-09-07T22:26:33.0102787+08:00","46852","2026-09-07T16:01:49.6826283+08:00","290076.125","1659633664","3474567168","159","7603699712","True"
"2026-09-07T22:27:03.6932335+08:00","46852","2026-09-07T16:01:49.6826283+08:00","290530.984375","1662885888","3474567168","159","7733755904","True"
"2026-09-07T22:27:34.3707733+08:00","46852","2026-09-07T16:01:49.6826283+08:00","290983.671875","1682862080","3474567168","159","7734636544","True"
"2026-09-07T22:28:05.0418803+08:00","46852","2026-09-07T16:01:49.6826283+08:00","291438","1646694400","3474567168","159","7478005760","True"
"2026-09-07T22:28:35.8036096+08:00","46852","2026-09-07T16:01:49.6826283+08:00","291893.765625","1635725312","3474567168","159","7629381632","True"
"2026-09-07T22:29:06.4926017+08:00","46852","2026-09-07T16:01:49.6826283+08:00","292347.5625","1681743872","3474567168","159","7729348608","True"
"2026-09-07T22:29:37.1578899+08:00","46852","2026-09-07T16:01:49.6826283+08:00","292801.296875","1635790848","3474567168","159","7724044288","True"
"2026-09-07T22:30:07.8131559+08:00","46852","2026-09-07T16:01:49.6826283+08:00","293255.875","1639071744","3474567168","159","7660937216","True"
"2026-09-07T22:30:38.4895500+08:00","46852","2026-09-07T16:01:49.6826283+08:00","293711.453125","1678798848","3474567168","159","7834746880","True"
"2026-09-07T22:31:09.1760294+08:00","46852","2026-09-07T16:01:49.6826283+08:00","294165.34375","1686941696","3474567168","159","7735197696","True"
"2026-09-07T22:31:39.8335629+08:00","46852","2026-09-07T16:01:49.6826283+08:00","294620.703125","1617690624","3474567168","159","7810641920","True"
"2026-09-07T22:32:10.4441112+08:00","46852","2026-09-07T16:01:49.6826283+08:00","295073.734375","1638158336","3474567168","159","7560536064","True"
"2026-09-07T22:32:41.0427929+08:00","46852","2026-09-07T16:01:49.6826283+08:00","295525.921875","1642696704","3474567168","159","7602659328","True"
"2026-09-07T22:33:11.7459835+08:00","46852","2026-09-07T16:01:49.6826283+08:00","295981.40625","1660690432","3474567168","159","7691866112","True"
"2026-09-07T22:33:42.4244957+08:00","46852","2026-09-07T16:01:49.6826283+08:00","296436.25","1688891392","3474567168","159","7748452352","True"
"2026-09-07T22:34:13.0658126+08:00","46852","2026-09-07T16:01:49.6826283+08:00","296889.1875","1642942464","3474567168","159","7642484736","True"
"2026-09-07T22:34:43.6830437+08:00","46852","2026-09-07T16:01:49.6826283+08:00","297340.515625","1692659712","3474567168","159","7467470848","True"
"2026-09-07T22:35:14.3003025+08:00","46852","2026-09-07T16:01:49.6826283+08:00","297793.0625","1638219776","3474567168","159","7809630208","True"
"2026-09-07T22:35:45.0024750+08:00","46852","2026-09-07T16:01:49.6826283+08:00","298246.953125","1602060288","3474567168","159","7923290112","True"
"2026-09-07T22:36:15.6458105+08:00","46852","2026-09-07T16:01:49.6826283+08:00","298699","1683533824","3474567168","159","7759261696","True"
"2026-09-07T22:36:46.3109939+08:00","46852","2026-09-07T16:01:49.6826283+08:00","299152.59375","1641787392","3474567168","159","7893458944","True"
"2026-09-07T22:37:16.9949109+08:00","46852","2026-09-07T16:01:49.6826283+08:00","299598.6875","1661198336","3474567168","159","7767269376","True"
"2026-09-07T22:37:47.6111035+08:00","46852","2026-09-07T16:01:49.6826283+08:00","300050","1630183424","3474567168","159","7668510720","True"
"2026-09-07T22:38:18.2599319+08:00","46852","2026-09-07T16:01:49.6826283+08:00","300502","1607278592","3474567168","159","7856951296","True"
"2026-09-07T22:38:48.8792945+08:00","46852","2026-09-07T16:01:49.6826283+08:00","300930.984375","1605488640","3474567168","159","7897591808","True"
"2026-09-07T22:39:19.4729374+08:00","46852","2026-09-07T16:01:49.6826283+08:00","301353.28125","1637273600","3474567168","159","7853928448","True"
"2026-09-07T22:39:50.1033973+08:00","46852","2026-09-07T16:01:49.6826283+08:00","301777.5","1630588928","3474567168","159","7637770240","True"
"2026-09-07T22:40:20.7422422+08:00","46852","2026-09-07T16:01:49.6826283+08:00","302202.21875","1655357440","3474567168","159","7860723712","True"
"2026-09-07T22:40:51.3441499+08:00","46852","2026-09-07T16:01:49.6826283+08:00","302625.8125","1640742912","3474567168","159","7890354176","True"
"2026-09-07T22:41:21.9641381+08:00","46852","2026-09-07T16:01:49.6826283+08:00","303049.703125","1620717568","3474567168","159","7770238976","True"
"2026-09-07T22:41:52.5169281+08:00","46852","2026-09-07T16:01:49.6826283+08:00","303472.046875","1679740928","3474567168","159","7597817856","True"
"2026-09-07T22:42:23.0830675+08:00","46852","2026-09-07T16:01:49.6826283+08:00","303894.40625","1630031872","3474567168","159","7621955584","True"
"2026-09-07T22:42:53.7088124+08:00","46852","2026-09-07T16:01:49.6826283+08:00","304318.90625","1645019136","3474567168","159","7660883968","True"
"2026-09-07T22:43:24.3516443+08:00","46852","2026-09-07T16:01:49.6826283+08:00","304742.109375","1644400640","3474567168","159","7734063104","True"
"2026-09-07T22:43:54.9372864+08:00","46852","2026-09-07T16:01:49.6826283+08:00","305166.59375","1591132160","3474567168","159","7869583360","True"
"2026-09-07T22:44:25.5617032+08:00","46852","2026-09-07T16:01:49.6826283+08:00","305590","1656115200","3474567168","159","7364964352","True"
"2026-09-07T22:44:56.2659383+08:00","46852","2026-09-07T16:01:49.6826283+08:00","306015.75","1676611584","3474567168","159","7540924416","True"
"2026-09-07T22:45:26.9055504+08:00","46852","2026-09-07T16:01:49.6826283+08:00","306440.9375","1665757184","3474567168","159","7621660672","True"
"2026-09-07T22:45:57.4933181+08:00","46852","2026-09-07T16:01:49.6826283+08:00","306865.25","1611931648","3474567168","159","7858483200","True"
"2026-09-07T22:46:28.1078134+08:00","46852","2026-09-07T16:01:49.6826283+08:00","307288.703125","1660649472","3474567168","159","7627603968","True"
"2026-09-07T22:46:58.7308110+08:00","46852","2026-09-07T16:01:49.6826283+08:00","307713.109375","1627652096","3474567168","159","7490371584","True"
"2026-09-07T22:47:29.4028845+08:00","46852","2026-09-07T16:01:49.6826283+08:00","308137.078125","1654566912","3474567168","159","7598698496","True"
"2026-09-07T22:48:00.0248362+08:00","46852","2026-09-07T16:01:49.6826283+08:00","308561.171875","1617313792","3474567168","159","7704702976","True"
"2026-09-07T22:48:30.6137992+08:00","46852","2026-09-07T16:01:49.6826283+08:00","308983.71875","1686528000","3474567168","159","7562612736","True"
"2026-09-07T22:49:01.2309205+08:00","46852","2026-09-07T16:01:49.6826283+08:00","309407.8125","1636044800","3474567168","159","7716892672","True"
"2026-09-07T22:49:31.7802320+08:00","46852","2026-09-07T16:01:49.6826283+08:00","309829.484375","1635115008","3474567168","159","7502745600","True"
"2026-09-07T22:50:02.4157188+08:00","46852","2026-09-07T16:01:49.6826283+08:00","310250.546875","1612439552","3474567168","159","7575011328","True"
"2026-09-07T22:50:33.0321428+08:00","46852","2026-09-07T16:01:49.6826283+08:00","310671.765625","1626066944","3474567168","159","7607140352","True"
"2026-09-07T22:51:03.6271419+08:00","46852","2026-09-07T16:01:49.6826283+08:00","311095.65625","1602699264","3474567168","159","7727820800","True"
"2026-09-07T22:51:34.1963449+08:00","46852","2026-09-07T16:01:49.6826283+08:00","311518.625","1653792768","3474567168","159","7591297024","True"
"2026-09-07T22:52:04.7870579+08:00","46852","2026-09-07T16:01:49.6826283+08:00","311941.203125","1609994240","3474567168","159","7637024768","True"
"2026-09-07T22:52:35.4607743+08:00","46852","2026-09-07T16:01:49.6826283+08:00","312361.953125","1627402240","3474567168","159","6960906240","True"
"2026-09-07T22:53:06.1940422+08:00","46852","2026-09-07T16:01:49.6826283+08:00","312774.875","1676079104","3474567168","159","5646032896","True"
"2026-09-07T22:53:36.8179223+08:00","46852","2026-09-07T16:01:49.6826283+08:00","313194.484375","1649070080","3474567168","159","6110121984","True"
"2026-09-07T22:54:07.4006596+08:00","46852","2026-09-07T16:01:49.6826283+08:00","313617.09375","1636413440","3474567168","159","6119825408","True"
"2026-09-07T22:54:38.1884071+08:00","46852","2026-09-07T16:01:49.6826283+08:00","314038.078125","1672273920","3474567168","159","5600317440","True"
"2026-09-07T22:55:08.8131292+08:00","46852","2026-09-07T16:01:49.6826283+08:00","314460.78125","1609338880","3474567168","159","5747421184","True"
"2026-09-07T22:55:39.4424616+08:00","46852","2026-09-07T16:01:49.6826283+08:00","314884.484375","1664348160","3474567168","159","5750206464","True"
"2026-09-07T22:56:10.0439649+08:00","46852","2026-09-07T16:01:49.6826283+08:00","315308","1668714496","3474567168","159","5851500544","True"
"2026-09-07T22:56:40.7342641+08:00","46852","2026-09-07T16:01:49.6826283+08:00","315731.03125","1661657088","3474567168","159","5805305856","True"
"2026-09-07T22:57:11.3540526+08:00","46852","2026-09-07T16:01:49.6826283+08:00","316155.828125","1642217472","3474567168","159","6003556352","True"
"2026-09-07T22:57:41.9574246+08:00","46852","2026-09-07T16:01:49.6826283+08:00","316578.84375","1616666624","3474567168","159","6110445568","True"
"2026-09-07T22:58:12.5805983+08:00","46852","2026-09-07T16:01:49.6826283+08:00","317002.84375","1653518336","3474567168","159","5967228928","True"
"2026-09-07T22:58:43.1633078+08:00","46852","2026-09-07T16:01:49.6826283+08:00","317424.9375","1643548672","3474567168","159","6141956096","True"
"2026-09-07T22:59:13.7528381+08:00","46852","2026-09-07T16:01:49.6826283+08:00","317847.84375","1648939008","3474567168","159","5965320192","True"
"2026-09-07T22:59:44.3413456+08:00","46852","2026-09-07T16:01:49.6826283+08:00","318269.453125","1626415104","3474567168","159","5890265088","True"
"2026-09-07T23:00:14.9375975+08:00","46852","2026-09-07T16:01:49.6826283+08:00","318692.765625","1653714944","3474567168","159","6058708992","True"
"2026-09-07T23:00:45.5493293+08:00","46852","2026-09-07T16:01:49.6826283+08:00","319116.609375","1658671104","3474567168","159","6291927040","True"
"2026-09-07T23:01:16.2549997+08:00","46852","2026-09-07T16:01:49.6826283+08:00","319540.53125","1629044736","3474567168","159","6081400832","True"
"2026-09-07T23:01:46.8809617+08:00","46852","2026-09-07T16:01:49.6826283+08:00","319963.796875","1602043904","3474567168","159","6003740672","True"
"2026-09-07T23:02:17.4565456+08:00","46852","2026-09-07T16:01:49.6826283+08:00","320387.171875","1673846784","3474567168","159","6127009792","True"
"2026-09-07T23:02:48.2101805+08:00","46852","2026-09-07T16:01:49.6826283+08:00","320809.671875","1631182848","3474567168","159","6143758336","True"
"2026-09-07T23:03:18.8017877+08:00","46852","2026-09-07T16:01:49.6826283+08:00","321232.703125","1605750784","3474567168","159","6267826176","True"
"2026-09-07T23:03:49.4031651+08:00","46852","2026-09-07T16:01:49.6826283+08:00","321656","1722957824","3474567168","159","6313377792","True"
"2026-09-07T23:04:19.9992539+08:00","46852","2026-09-07T16:01:49.6826283+08:00","322078.953125","1593143296","3474567168","159","6163107840","True"
"2026-09-07T23:04:50.6378629+08:00","46852","2026-09-07T16:01:49.6826283+08:00","322501.6875","1608511488","3474567168","159","6073331712","True"
"2026-09-07T23:05:21.3102105+08:00","46852","2026-09-07T16:01:49.6826283+08:00","322925.21875","1634942976","3474567168","159","6146977792","True"
"2026-09-07T23:05:51.8860230+08:00","46852","2026-09-07T16:01:49.6826283+08:00","323348.296875","1593270272","3474567168","159","5951238144","True"
"2026-09-07T23:06:22.5072972+08:00","46852","2026-09-07T16:01:49.6826283+08:00","323770.859375","1629458432","3474567168","159","6046515200","True"
"2026-09-07T23:06:53.1846475+08:00","46852","2026-09-07T16:01:49.6826283+08:00","324195.328125","1613389824","3474567168","159","6065090560","True"
"2026-09-07T23:07:23.8068480+08:00","46852","2026-09-07T16:01:49.6826283+08:00","324616.796875","1643364352","3474567168","159","6020599808","True"
"2026-09-07T23:07:54.4140283+08:00","46852","2026-09-07T16:01:49.6826283+08:00","325038.25","1694822400","3474567168","159","6142959616","True"
"2026-09-07T23:08:25.0258250+08:00","46852","2026-09-07T16:01:49.6826283+08:00","325460.15625","1644449792","3474567168","159","6075867136","True"
"2026-09-07T23:08:55.6077980+08:00","46852","2026-09-07T16:01:49.6826283+08:00","325862.640625","1643270144","3474567168","159","6290124800","True"
"2026-09-07T23:09:26.1099691+08:00","46852","2026-09-07T16:01:49.6826283+08:00","326253.359375","1582419968","3474567168","159","5860057088","True"
"2026-09-07T23:09:56.6370860+08:00","46852","2026-09-07T16:01:49.6826283+08:00","326644.890625","1584119808","3474567168","159","6179057664","True"
"2026-09-07T23:10:27.1907165+08:00","46852","2026-09-07T16:01:49.6826283+08:00","327036.78125","1611575296","3474567168","159","6285049856","True"
"2026-09-07T23:10:57.7679407+08:00","46852","2026-09-07T16:01:49.6826283+08:00","327429.3125","1572540416","3474567168","159","6327869440","True"
"2026-09-07T23:11:28.3200377+08:00","46852","2026-09-07T16:01:49.6826283+08:00","327822.03125","1631932416","3474567168","159","6404665344","True"
"2026-09-07T23:11:58.8882774+08:00","46852","2026-09-07T16:01:49.6826283+08:00","328216.65625","1614221312","3474567168","159","6074744832","True"
"2026-09-07T23:12:29.4066836+08:00","46852","2026-09-07T16:01:49.6826283+08:00","328609.96875","1639206912","3474567168","159","6049464320","True"
"2026-09-07T23:12:59.8917810+08:00","46852","2026-09-07T16:01:49.6826283+08:00","329002.28125","1594355712","3474567168","159","6018834432","True"
"2026-09-07T23:13:30.2979988+08:00","46852","2026-09-07T16:01:49.6826283+08:00","329393.84375","1620647936","3474567168","159","6175080448","True"
"2026-09-07T23:14:00.8533900+08:00","46852","2026-09-07T16:01:49.6826283+08:00","329787.359375","1629261824","3474567168","159","6304628736","True"
"2026-09-07T23:14:31.3879311+08:00","46852","2026-09-07T16:01:49.6826283+08:00","330180.4375","1591914496","3474567168","159","5890592768","True"
"2026-09-07T23:15:01.9190895+08:00","46852","2026-09-07T16:01:49.6826283+08:00","330574.46875","1234546688","3474567168","159","6641283072","True"
"2026-09-07T23:15:32.4537120+08:00","46852","2026-09-07T16:01:49.6826283+08:00","330968.421875","1225207808","3474567168","159","6781476864","True"
"2026-09-07T23:16:03.0135257+08:00","46852","2026-09-07T16:01:49.6826283+08:00","331346.53125","1236504576","3474567168","159","6843912192","True"
"2026-09-07T23:16:33.5804487+08:00","46852","2026-09-07T16:01:49.6826283+08:00","331710.125","1208053760","3474567168","159","6747676672","True"
"2026-09-07T23:17:04.1386336+08:00","46852","2026-09-07T16:01:49.6826283+08:00","332074.15625","1206947840","3474567168","159","6712848384","True"
"2026-09-07T23:17:34.7100065+08:00","46852","2026-09-07T16:01:49.6826283+08:00","332437.21875","1205592064","3474567168","159","6644858880","True"
"2026-09-07T23:18:05.2522763+08:00","46852","2026-09-07T16:01:49.6826283+08:00","332800.734375","1207185408","3474567168","159","6648483840","True"
"2026-09-07T23:18:35.7828274+08:00","46852","2026-09-07T16:01:49.6826283+08:00","333163.734375","1180573696","3474567168","159","6667112448","True"
"2026-09-07T23:19:06.2782262+08:00","46852","2026-09-07T16:01:49.6826283+08:00","333526.53125","1170825216","3474567168","159","6530158592","True"
"2026-09-07T23:19:36.7691033+08:00","46852","2026-09-07T16:01:49.6826283+08:00","333887.984375","1175089152","3474567168","159","6315630592","True"
"2026-09-07T23:20:07.3751430+08:00","46852","2026-09-07T16:01:49.6826283+08:00","334251.984375","1231224832","3474567168","159","6366441472","True"
"2026-09-07T23:20:37.8601994+08:00","46852","2026-09-07T16:01:49.6826283+08:00","334614.34375","1206710272","3474567168","159","6549848064","True"
"2026-09-07T23:21:08.2789630+08:00","46852","2026-09-07T16:01:49.6826283+08:00","334975.1875","1255313408","3474567168","159","6427029504","True"
"2026-09-07T23:21:38.7593335+08:00","46852","2026-09-07T16:01:49.6826283+08:00","335337.625","1215827968","3474567168","159","6536179712","True"
"2026-09-07T23:22:09.2603811+08:00","46852","2026-09-07T16:01:49.6826283+08:00","335700.484375","1204965376","3474567168","159","6547132416","True"
"2026-09-07T23:22:39.7665826+08:00","46852","2026-09-07T16:01:49.6826283+08:00","336063.625","1198039040","3474567168","159","6576885760","True"
"2026-09-07T23:23:10.1654199+08:00","46852","2026-09-07T16:01:49.6826283+08:00","336424.90625","1211531264","3474567168","159","6134632448","True"
"2026-09-07T23:23:40.6989920+08:00","46852","2026-09-07T16:01:49.6826283+08:00","336785.21875","1213755392","3474567168","159","6629666816","True"
"2026-09-07T23:24:11.2480621+08:00","46852","2026-09-07T16:01:49.6826283+08:00","337147.328125","1223020544","3474567168","159","6764650496","True"
"2026-09-07T23:24:41.8339272+08:00","46852","2026-09-07T16:01:49.6826283+08:00","337509.921875","1196527616","3474567168","159","6351876096","True"
"2026-09-07T23:25:12.3167984+08:00","46852","2026-09-07T16:01:49.6826283+08:00","337868.8125","1182453760","3474567168","159","5747638272","True"
"2026-09-07T23:25:42.8391559+08:00","46852","2026-09-07T16:01:49.6826283+08:00","338227.9375","1210355712","3474567168","159","5079842816","True"
"2026-09-07T23:26:13.3730504+08:00","46852","2026-09-07T16:01:49.6826283+08:00","338587.09375","1194217472","3474567168","159","5585850368","True"
"2026-09-07T23:26:43.9635712+08:00","46852","2026-09-07T16:01:49.6826283+08:00","338945.953125","1163763712","3474567168","159","4993196032","True"
"2026-09-07T23:27:14.6239230+08:00","46852","2026-09-07T16:01:49.6826283+08:00","339303.53125","1175175168","3474567168","159","4653256704","True"
"2026-09-07T23:27:45.1748856+08:00","46852","2026-09-07T16:01:49.6826283+08:00","339663.421875","1220878336","3474567168","159","4960948224","True"
"2026-09-07T23:28:15.7268984+08:00","46852","2026-09-07T16:01:49.6826283+08:00","340024.421875","1169383424","3474567168","159","5043884032","True"
"2026-09-07T23:28:46.4294002+08:00","46852","2026-09-07T16:01:49.6826283+08:00","340385.75","1142235136","3474567168","159","4936716288","True"
"2026-09-07T23:29:17.0056339+08:00","46852","2026-09-07T16:01:49.6826283+08:00","340746.25","1190719488","3474567168","159","4562632704","True"
"2026-09-07T23:29:47.5509790+08:00","46852","2026-09-07T16:01:49.6826283+08:00","341104.09375","1061564416","3474567168","159","3898314752","True"
"2026-09-07T23:30:18.0968510+08:00","46852","2026-09-07T16:01:49.6826283+08:00","341461.640625","472428544","3474567168","159","4832374784","True"
"2026-09-07T23:30:48.7613537+08:00","46852","2026-09-07T16:01:49.6826283+08:00","341824.3125","500387840","3474567168","159","5068382208","True"
"2026-09-07T23:31:19.3255045+08:00","46852","2026-09-07T16:01:49.6826283+08:00","342185.015625","481124352","3474567168","159","4973195264","True"
"2026-09-07T23:31:49.8710612+08:00","46852","2026-09-07T16:01:49.6826283+08:00","342547.265625","520458240","3474567168","159","5085921280","True"
"2026-09-07T23:32:20.3491363+08:00","46852","2026-09-07T16:01:49.6826283+08:00","342908.640625","506433536","3474567168","159","4755783680","True"
"2026-09-07T23:32:50.8872884+08:00","46852","2026-09-07T16:01:49.6826283+08:00","343270.015625","488480768","3474567168","159","4861554688","True"
"2026-09-07T23:33:21.3855331+08:00","46852","2026-09-07T16:01:49.6826283+08:00","343633.078125","471687168","3474567168","159","4777639936","True"
"2026-09-07T23:33:51.8926930+08:00","46852","2026-09-07T16:01:49.6826283+08:00","343995.703125","534786048","3474567168","159","5399703552","True"
"2026-09-07T23:34:22.4120566+08:00","46852","2026-09-07T16:01:49.6826283+08:00","344343.265625","488099840","3474567168","159","4548153344","True"
"2026-09-07T23:34:52.9124128+08:00","46852","2026-09-07T16:01:49.6826283+08:00","344674.6875","478855168","3474567168","159","5436284928","True"
"2026-09-07T23:35:23.4163415+08:00","46852","2026-09-07T16:01:49.6826283+08:00","345007.109375","467644416","3474567168","159","5308874752","True"
"2026-09-07T23:35:53.9507701+08:00","46852","2026-09-07T16:01:49.6826283+08:00","345338.796875","439939072","3474567168","159","5634072576","True"
"2026-09-07T23:36:24.4960206+08:00","46852","2026-09-07T16:01:49.6826283+08:00","345671.203125","435478528","3474567168","159","6064766976","True"
"2026-09-07T23:36:55.0154864+08:00","46852","2026-09-07T16:01:49.6826283+08:00","346003.859375","428179456","3474567168","159","6226526208","True"
"2026-09-07T23:37:25.4119694+08:00","46852","2026-09-07T16:01:49.6826283+08:00","346334.09375","453730304","3474567168","159","5571809280","True"
"2026-09-07T23:37:55.8764566+08:00","46852","2026-09-07T16:01:49.6826283+08:00","346666.375","440033280","3474567168","159","5602127872","True"
"2026-09-07T23:38:26.3016283+08:00","46852","2026-09-07T16:01:49.6826283+08:00","346997.65625","480739328","3474567168","159","6062104576","True"
"2026-09-07T23:38:56.7906190+08:00","46852","2026-09-07T16:01:49.6826283+08:00","347329.765625","422301696","3474567168","159","6191230976","True"
"2026-09-07T23:39:27.2634315+08:00","46852","2026-09-07T16:01:49.6826283+08:00","347661.234375","436269056","3474567168","159","6202363904","True"
"2026-09-07T23:39:57.7243812+08:00","46852","2026-09-07T16:01:49.6826283+08:00","347992.703125","437297152","3474567168","159","5917405184","True"
"2026-09-07T23:40:28.1405577+08:00","46852","2026-09-07T16:01:49.6826283+08:00","348321.078125","387829760","3474567168","159","6303748096","True"
"2026-09-07T23:40:58.7030936+08:00","46852","2026-09-07T16:01:49.6826283+08:00","348653.046875","415584256","3474567168","159","6769696768","True"
"2026-09-07T23:41:29.1763860+08:00","46852","2026-09-07T16:01:49.6826283+08:00","348984.359375","459870208","3474567168","159","6366814208","True"
"2026-09-07T23:41:59.6873097+08:00","46852","2026-09-07T16:01:49.6826283+08:00","349316.09375","438525952","3474567168","159","6513324032","True"
"2026-09-07T23:42:30.1748569+08:00","46852","2026-09-07T16:01:49.6826283+08:00","349648.125","427917312","3474567168","159","6615244800","True"
"2026-09-07T23:43:00.6573203+08:00","46852","2026-09-07T16:01:49.6826283+08:00","349979.53125","433729536","3474567168","159","6352183296","True"
"2026-09-07T23:43:31.1301550+08:00","46852","2026-09-07T16:01:49.6826283+08:00","350311.265625","421892096","3474567168","159","6619848704","True"
"2026-09-07T23:44:01.5624264+08:00","46852","2026-09-07T16:01:49.6826283+08:00","350642.109375","450211840","3474567168","159","6545215488","True"
"2026-09-07T23:44:31.9944352+08:00","46852","2026-09-07T16:01:49.6826283+08:00","350970.984375","431661056","3474567168","159","6042832896","True"
"2026-09-07T23:45:02.4261451+08:00","46852","2026-09-07T16:01:49.6826283+08:00","351299.796875","466665472","3474567168","159","5866831872","True"
"2026-09-07T23:45:32.9232638+08:00","46852","2026-09-07T16:01:49.6826283+08:00","351631.28125","445177856","3474567168","159","6719516672","True"
"2026-09-07T23:46:03.3935085+08:00","46852","2026-09-07T16:01:49.6826283+08:00","351961.34375","440885248","3474567168","159","6462361600","True"
"2026-09-07T23:46:33.7976874+08:00","46852","2026-09-07T16:01:49.6826283+08:00","352257.84375","436965376","3474567168","159","6756564992","True"
"2026-09-07T23:47:04.2477681+08:00","46852","2026-09-07T16:01:49.6826283+08:00","352555.78125","394567680","3474567168","159","6648750080","True"
"2026-09-07T23:47:34.7335821+08:00","46852","2026-09-07T16:01:49.6826283+08:00","352851.46875","419450880","3474567168","159","6566699008","True"
"2026-09-07T23:48:05.1701918+08:00","46852","2026-09-07T16:01:49.6826283+08:00","353147.765625","414826496","3474567168","159","6291357696","True"
"2026-09-07T23:48:35.6291920+08:00","46852","2026-09-07T16:01:49.6826283+08:00","353442.078125","397189120","3474567168","159","6520238080","True"
"2026-09-07T23:49:06.0654681+08:00","46852","2026-09-07T16:01:49.6826283+08:00","353739.6875","448659456","3474567168","159","6745563136","True"
"2026-09-07T23:49:36.5496666+08:00","46852","2026-09-07T16:01:49.6826283+08:00","354035.1875","434167808","3474567168","159","6228193280","True"
"2026-09-07T23:50:06.9617557+08:00","46852","2026-09-07T16:01:49.6826283+08:00","354330.15625","430010368","3474567168","159","6373249024","True"
"2026-09-07T23:50:37.4024187+08:00","46852","2026-09-07T16:01:49.6826283+08:00","354627.0625","435630080","3474567168","159","6592323584","True"
"2026-09-07T23:51:07.7649718+08:00","46852","2026-09-07T16:01:49.6826283+08:00","354920.21875","444092416","3474567168","159","6249660416","True"
"2026-09-07T23:51:38.1580854+08:00","46852","2026-09-07T16:01:49.6826283+08:00","355211.140625","499834880","3474567168","159","6433116160","True"
"2026-09-07T23:52:08.5570381+08:00","46852","2026-09-07T16:01:49.6826283+08:00","355503.375","528490496","3474567168","159","6490861568","True"
"2026-09-07T23:52:38.8922879+08:00","46852","2026-09-07T16:01:49.6826283+08:00","355781.328125","468406272","3474567168","159","6220521472","True"
"2026-09-07T23:53:09.0619263+08:00","46852","2026-09-07T16:01:49.6826283+08:00","355939.984375","824008704","3474567168","159","6140293120","True"
"2026-09-07T23:53:39.2414829+08:00","46852","2026-09-07T16:01:49.6826283+08:00","355967.5625","1420152832","3474567168","159","6041337856","True"
"2026-09-07T23:54:09.6846751+08:00","46852","2026-09-07T16:01:49.6826283+08:00","356256.734375","1569058816","3474567168","159","6030974976","True"
"2026-09-07T23:54:40.0267439+08:00","46852","2026-09-07T16:01:49.6826283+08:00","356587.53125","1594908672","3474567168","159","5907390464","True"
"2026-09-07T23:55:10.4705819+08:00","46852","2026-09-07T16:01:49.6826283+08:00","356919.359375","1580498944","3474567168","159","6275608576","True"
"2026-09-07T23:55:40.8991378+08:00","46852","2026-09-07T16:01:49.6826283+08:00","357250.875","1579593728","3474567168","159","6151491584","True"
"2026-09-07T23:56:11.3839947+08:00","46852","2026-09-07T16:01:49.6826283+08:00","357582.46875","1545244672","3474567168","159","6101438464","True"
"2026-09-07T23:56:41.8498913+08:00","46852","2026-09-07T16:01:49.6826283+08:00","357913.78125","1613565952","3474567168","159","6217404416","True"
"2026-09-07T23:57:12.3165769+08:00","46852","2026-09-07T16:01:49.6826283+08:00","358246.421875","1576230912","3474567168","159","6099615744","True"
"2026-09-07T23:57:42.7478034+08:00","46852","2026-09-07T16:01:49.6826283+08:00","358577.03125","1576374272","3474567168","159","5881503744","True"
"2026-09-07T23:58:13.1683998+08:00","46852","2026-09-07T16:01:49.6826283+08:00","358909.015625","1588486144","3474567168","159","6211395584","True"
"2026-09-07T23:58:43.6715388+08:00","46852","2026-09-07T16:01:49.6826283+08:00","359240.859375","1580396544","3474567168","159","6183903232","True"
"2026-09-07T23:59:14.1332134+08:00","46852","2026-09-07T16:01:49.6826283+08:00","359572.796875","1582714880","3474567168","159","5707706368","True"
"2026-09-07T23:59:44.6269691+08:00","46852","2026-09-07T16:01:49.6826283+08:00","359904.5625","1597100032","3474567168","159","5996048384","True"
"2026-09-08T00:00:15.1049826+08:00","46852","2026-09-07T16:01:49.6826283+08:00","360236.125","1636646912","3474567168","159","6016360448","True"
"2026-09-08T00:00:45.6046340+08:00","46852","2026-09-07T16:01:49.6826283+08:00","360568.15625","1578999808","3474567168","159","6049255424","True"
"2026-09-08T00:01:16.1056274+08:00","46852","2026-09-07T16:01:49.6826283+08:00","360900.5","1601875968","3474567168","159","5832388608","True"
"2026-09-08T00:01:46.5183733+08:00","46852","2026-09-07T16:01:49.6826283+08:00","361231.484375","1601683456","3474567168","159","5917958144","True"
"2026-09-08T00:02:16.9864643+08:00","46852","2026-09-07T16:01:49.6826283+08:00","361562.65625","1588916224","3474567168","159","5680029696","True"
"2026-09-08T00:02:47.3915365+08:00","46852","2026-09-07T16:01:49.6826283+08:00","361892.84375","1593843712","3474567168","159","5523755008","True"
"2026-09-08T00:03:17.8790764+08:00","46852","2026-09-07T16:01:49.6826283+08:00","362224.078125","1599647744","3474567168","159","6107000832","True"
"2026-09-08T00:03:48.3726629+08:00","46852","2026-09-07T16:01:49.6826283+08:00","362555.359375","1590308864","3474567168","159","5921026048","True"
"2026-09-08T00:04:18.8349480+08:00","46852","2026-09-07T16:01:49.6826283+08:00","362886.671875","1564770304","3474567168","159","5656195072","True"
"2026-09-08T00:04:49.3238246+08:00","46852","2026-09-07T16:01:49.6826283+08:00","363218.796875","1601007616","3474567168","159","5843603456","True"
"2026-09-08T00:05:19.7119183+08:00","46852","2026-09-07T16:01:49.6826283+08:00","363548.25","1596420096","3474567168","159","5636599808","True"
"2026-09-08T00:05:50.2052448+08:00","46852","2026-09-07T16:01:49.6826283+08:00","363879.71875","1604661248","3474567168","159","6205530112","True"
"2026-09-08T00:06:20.7111027+08:00","46852","2026-09-07T16:01:49.6826283+08:00","364211.953125","1605812224","3474567168","159","5833031680","True"
"2026-09-08T00:06:51.1489048+08:00","46852","2026-09-07T16:01:49.6826283+08:00","364542.84375","1585618944","3474567168","159","5837135872","True"
"2026-09-08T00:07:21.6187023+08:00","46852","2026-09-07T16:01:49.6826283+08:00","364874.25","1584029696","3474567168","159","5793255424","True"
"2026-09-08T00:07:52.0934071+08:00","46852","2026-09-07T16:01:49.6826283+08:00","365205.3125","1587621888","3474567168","159","5835100160","True"
"2026-09-08T00:08:22.5821664+08:00","46852","2026-09-07T16:01:49.6826283+08:00","365536.09375","1608323072","3474567168","159","5818216448","True"
"2026-09-08T00:08:53.0534914+08:00","46852","2026-09-07T16:01:49.6826283+08:00","365868.125","1608585216","3474567168","159","5917974528","True"
"2026-09-08T00:09:23.5225005+08:00","46852","2026-09-07T16:01:49.6826283+08:00","366176.875","1566433280","3474567168","159","5153349632","True"
"2026-09-08T00:09:53.9226476+08:00","46852","2026-09-07T16:01:49.6826283+08:00","366471.03125","1610186752","3474567168","159","5827776512","True"
"2026-09-08T00:10:24.3218574+08:00","46852","2026-09-07T16:01:49.6826283+08:00","366769.265625","1622839296","3474567168","159","5939675136","True"
"2026-09-08T00:10:54.7566558+08:00","46852","2026-09-07T16:01:49.6826283+08:00","367066.59375","1557237760","3474567168","159","5900644352","True"
"2026-09-08T00:11:25.1355583+08:00","46852","2026-09-07T16:01:49.6826283+08:00","367363.265625","1584910336","3474567168","159","6125092864","True"
"2026-09-08T00:11:55.5913142+08:00","46852","2026-09-07T16:01:49.6826283+08:00","367657.953125","1565986816","3474567168","159","5983674368","True"
"2026-09-08T00:12:26.0781436+08:00","46852","2026-09-07T16:01:49.6826283+08:00","367954.28125","1619333120","3474567168","159","6064066560","True"
"2026-09-08T00:12:56.5316461+08:00","46852","2026-09-07T16:01:49.6826283+08:00","368250.96875","1581297664","3474567168","159","6099881984","True"
"2026-09-08T00:13:26.9799448+08:00","46852","2026-09-07T16:01:49.6826283+08:00","368547.296875","1583124480","3474567168","159","5982904320","True"
"2026-09-08T00:13:57.4237794+08:00","46852","2026-09-07T16:01:49.6826283+08:00","368843.0625","1565573120","3474567168","159","6028201984","True"
"2026-09-08T00:14:27.8153060+08:00","46852","2026-09-07T16:01:49.6826283+08:00","369138.109375","1579876352","3474567168","159","5741559808","True"
"2026-09-08T00:14:58.2049400+08:00","46852","2026-09-07T16:01:49.6826283+08:00","369431.15625","1585778688","3474567168","159","5988311040","True"
"2026-09-08T00:15:28.6408816+08:00","46852","2026-09-07T16:01:49.6826283+08:00","369726.90625","1596641280","3474567168","159","5927407616","True"
"2026-09-08T00:15:59.0747220+08:00","46852","2026-09-07T16:01:49.6826283+08:00","370025.171875","1557565440","3474567168","159","5924655104","True"
"2026-09-08T00:16:29.5210906+08:00","46852","2026-09-07T16:01:49.6826283+08:00","370322.703125","1561526272","3474567168","159","5841256448","True"
"2026-09-08T00:16:59.9072927+08:00","46852","2026-09-07T16:01:49.6826283+08:00","370619.859375","1568550912","3474567168","159","5972328448","True"
"2026-09-08T00:17:30.2882727+08:00","46852","2026-09-07T16:01:49.6826283+08:00","370915.828125","1572466688","3474567168","159","5742592000","True"
"2026-09-08T00:18:00.6741832+08:00","46852","2026-09-07T16:01:49.6826283+08:00","371213.828125","1580908544","3474567168","159","5726838784","True"
"2026-09-08T00:18:31.0697573+08:00","46852","2026-09-07T16:01:49.6826283+08:00","371511.046875","1593180160","3474567168","159","5864521728","True"
"2026-09-08T00:19:01.5033911+08:00","46852","2026-09-07T16:01:49.6826283+08:00","371809.140625","1557057536","3474567168","159","5895376896","True"
"2026-09-08T00:19:31.8563927+08:00","46852","2026-09-07T16:01:49.6826283+08:00","372102.359375","1595883520","3474567168","159","5617217536","True"
"2026-09-08T00:20:02.3224805+08:00","46852","2026-09-07T16:01:49.6826283+08:00","372398.25","1580433408","3474567168","159","5925273600","True"
"2026-09-08T00:20:32.7660407+08:00","46852","2026-09-07T16:01:49.6826283+08:00","372695.046875","1621635072","3474567168","159","5774577664","True"
"2026-09-08T00:21:03.1802376+08:00","46852","2026-09-07T16:01:49.6826283+08:00","372992.203125","1580929024","3474567168","159","5552082944","True"
"2026-09-08T00:21:33.6303832+08:00","46852","2026-09-07T16:01:49.6826283+08:00","373288.90625","1613406208","3474567168","159","5474783232","True"
"2026-09-08T00:22:04.1212835+08:00","46852","2026-09-07T16:01:49.6826283+08:00","373587.796875","1587580928","3474567168","159","5795340288","True"
"2026-09-08T00:22:34.5584206+08:00","46852","2026-09-07T16:01:49.6826283+08:00","373886.203125","1584164864","3474567168","159","5677355008","True"
"2026-09-08T00:23:04.9666023+08:00","46852","2026-09-07T16:01:49.6826283+08:00","374184.3125","1609469952","3474567168","159","5687029760","True"
"2026-09-08T00:23:35.3731233+08:00","46852","2026-09-07T16:01:49.6826283+08:00","374479.90625","1593520128","3474567168","159","5301633024","True"
"2026-09-08T00:24:05.8146525+08:00","46852","2026-09-07T16:01:49.6826283+08:00","374776.125","1581932544","3474567168","159","5785309184","True"
"2026-09-08T00:24:36.2414337+08:00","46852","2026-09-07T16:01:49.6826283+08:00","375070.40625","1632129024","3474567168","159","5511315456","True"
"2026-09-08T00:25:06.6898192+08:00","46852","2026-09-07T16:01:49.6826283+08:00","375365.578125","1602506752","3474567168","159","5433602048","True"
"2026-09-08T00:25:37.1224225+08:00","46852","2026-09-07T16:01:49.6826283+08:00","375661.703125","1565351936","3474567168","159","5228109824","True"
"2026-09-08T00:26:07.5797324+08:00","46852","2026-09-07T16:01:49.6826283+08:00","375956.1875","1575813120","3474567168","159","5415677952","True"
"2026-09-08T00:26:37.9694667+08:00","46852","2026-09-07T16:01:49.6826283+08:00","376252.265625","1576910848","3474567168","159","5502115840","True"
"2026-09-08T00:27:08.4318695+08:00","46852","2026-09-07T16:01:49.6826283+08:00","376549.515625","1571360768","3474567168","159","5346078720","True"
"2026-09-08T00:27:38.8612388+08:00","46852","2026-09-07T16:01:49.6826283+08:00","376848.25","1590964224","3474567168","159","5486501888","True"
"2026-09-08T00:28:09.2819781+08:00","46852","2026-09-07T16:01:49.6826283+08:00","377143.46875","1583443968","3474567168","159","5617819648","True"
"2026-09-08T00:28:39.7211880+08:00","46852","2026-09-07T16:01:49.6826283+08:00","377439.3125","1579126784","3474567168","159","5581438976","True"
"2026-09-08T00:29:10.1675670+08:00","46852","2026-09-07T16:01:49.6826283+08:00","377735.53125","1574948864","3474567168","159","5557661696","True"
"2026-09-08T00:29:40.5874952+08:00","46852","2026-09-07T16:01:49.6826283+08:00","378027.828125","1578070016","3474567168","159","5521530880","True"
"2026-09-08T00:30:11.0336751+08:00","46852","2026-09-07T16:01:49.6826283+08:00","378323.421875","1605062656","3474567168","159","5584420864","True"
"2026-09-08T00:30:41.4887766+08:00","46852","2026-09-07T16:01:49.6826283+08:00","378620.890625","1564532736","3474567168","159","5712195584","True"
"2026-09-08T00:31:11.9284926+08:00","46852","2026-09-07T16:01:49.6826283+08:00","378917.71875","1564860416","3474567168","159","5680254976","True"
"2026-09-08T00:31:42.3814205+08:00","46852","2026-09-07T16:01:49.6826283+08:00","379212.90625","1581420544","3474567168","159","5817221120","True"
"2026-09-08T00:32:12.7971867+08:00","46852","2026-09-07T16:01:49.6826283+08:00","379507.625","1573265408","3474567168","159","5513428992","True"
"2026-09-08T00:32:43.1274508+08:00","46852","2026-09-07T16:01:49.6826283+08:00","379796.234375","1614262272","3474567168","159","5703954432","True"
"2026-09-08T00:33:13.5088344+08:00","46852","2026-09-07T16:01:49.6826283+08:00","380092.265625","1585770496","3474567168","159","5563453440","True"
"2026-09-08T00:33:43.9325694+08:00","46852","2026-09-07T16:01:49.6826283+08:00","380389.109375","1583005696","3474567168","159","5656346624","True"
"2026-09-08T00:34:14.3810846+08:00","46852","2026-09-07T16:01:49.6826283+08:00","380685.5625","1590882304","3474567168","159","5484728320","True"
"2026-09-08T00:34:44.7896613+08:00","46852","2026-09-07T16:01:49.6826283+08:00","380977.140625","1556930560","3474567168","159","5385170944","True"
"2026-09-08T00:35:15.2522399+08:00","46852","2026-09-07T16:01:49.6826283+08:00","381273.109375","1584742400","3474567168","159","5465440256","True"
"2026-09-08T00:35:45.6949433+08:00","46852","2026-09-07T16:01:49.6826283+08:00","381571.34375","1579466752","3474567168","159","5565022208","True"
"2026-09-08T00:36:16.1163851+08:00","46852","2026-09-07T16:01:49.6826283+08:00","381865.828125","1593667584","3474567168","159","5502275584","True"
"2026-09-08T00:36:46.5417114+08:00","46852","2026-09-07T16:01:49.6826283+08:00","382162.640625","1589178368","3474567168","159","5652176896","True"
"2026-09-08T00:37:17.0053077+08:00","46852","2026-09-07T16:01:49.6826283+08:00","382459.984375","1581096960","3474567168","159","5513367552","True"
"2026-09-08T00:37:47.4594483+08:00","46852","2026-09-07T16:01:49.6826283+08:00","382757.890625","1564311552","3474567168","159","5522149376","True"
"2026-09-08T00:38:17.8761312+08:00","46852","2026-09-07T16:01:49.6826283+08:00","383054.9375","1619386368","3474567168","159","5473923072","True"
"2026-09-08T00:38:48.3154398+08:00","46852","2026-09-07T16:01:49.6826283+08:00","383351.46875","1585410048","3474567168","159","5538177024","True"
"2026-09-08T00:39:18.7769656+08:00","46852","2026-09-07T16:01:49.6826283+08:00","383649.03125","1562877952","3474567168","159","5619990528","True"
"2026-09-08T00:39:49.1525132+08:00","46852","2026-09-07T16:01:49.6826283+08:00","383942.90625","1599270912","3474567168","159","5309091840","True"
"2026-09-08T00:40:19.5867446+08:00","46852","2026-09-07T16:01:49.6826283+08:00","384238.03125","1583550464","3474567168","159","5633429504","True"
"2026-09-08T00:40:50.0302107+08:00","46852","2026-09-07T16:01:49.6826283+08:00","384534.65625","1584013312","3474567168","159","5691256832","True"
"2026-09-08T00:41:20.4067495+08:00","46852","2026-09-07T16:01:49.6826283+08:00","384831.171875","1596821504","3474567168","159","5395406848","True"
"2026-09-08T00:41:50.8355189+08:00","46852","2026-09-07T16:01:49.6826283+08:00","385123.9375","1610309632","3474567168","159","5645164544","True"
"2026-09-08T00:42:21.2404421+08:00","46852","2026-09-07T16:01:49.6826283+08:00","385422.78125","1605812224","3474567168","159","5651869696","True"
"2026-09-08T00:42:51.6077914+08:00","46852","2026-09-07T16:01:49.6826283+08:00","385719.59375","1595351040","3474567168","159","5568987136","True"
"2026-09-08T00:43:22.0320483+08:00","46852","2026-09-07T16:01:49.6826283+08:00","386016.609375","1628385280","3474567168","159","5723901952","True"
"2026-09-08T00:43:52.3324614+08:00","46852","2026-09-07T16:01:49.6826283+08:00","386310.21875","1582313472","3474567168","159","5627117568","True"
"2026-09-08T00:44:22.6906704+08:00","46852","2026-09-07T16:01:49.6826283+08:00","386606.34375","1583472640","3474567168","159","4875792384","True"
"2026-09-08T00:44:53.0674101+08:00","46852","2026-09-07T16:01:49.6826283+08:00","386898.90625","1607311360","3474567168","159","5574172672","True"
"2026-09-08T00:45:23.4586300+08:00","46852","2026-09-07T16:01:49.6826283+08:00","387192.96875","1592438784","3474567168","159","5534101504","True"
"2026-09-08T00:45:53.8148395+08:00","46852","2026-09-07T16:01:49.6826283+08:00","387443.796875","1584386048","3474567168","159","5746618368","True"
"2026-09-08T00:46:24.1758025+08:00","46852","2026-09-07T16:01:49.6826283+08:00","387693.796875","1591894016","3474567168","159","5483376640","True"
"2026-09-08T00:46:54.5557754+08:00","46852","2026-09-07T16:01:49.6826283+08:00","387945.21875","1613778944","3474567168","159","5491048448","True"
"2026-09-08T00:47:24.9265579+08:00","46852","2026-09-07T16:01:49.6826283+08:00","388194.984375","1580904448","3474567168","159","5560958976","True"
"2026-09-08T00:47:55.3004450+08:00","46852","2026-09-07T16:01:49.6826283+08:00","388447.984375","1584025600","3474567168","159","5579563008","True"
"2026-09-08T00:48:25.6728525+08:00","46852","2026-09-07T16:01:49.6826283+08:00","388698.390625","1565609984","3474567168","159","5544419328","True"
"2026-09-08T00:48:56.0253149+08:00","46852","2026-09-07T16:01:49.6826283+08:00","388951.390625","1582247936","3474567168","159","5463052288","True"
"2026-09-08T00:49:26.3354794+08:00","46852","2026-09-07T16:01:49.6826283+08:00","389201.484375","1586827264","3474567168","159","5296832512","True"
"2026-09-08T00:49:56.6959014+08:00","46852","2026-09-07T16:01:49.6826283+08:00","389442.625","1586192384","3474567168","159","5315342336","True"
"2026-09-08T00:50:27.0081382+08:00","46852","2026-09-07T16:01:49.6826283+08:00","389694.671875","1585164288","3474567168","159","5574115328","True"
"2026-09-08T00:50:57.3165321+08:00","46852","2026-09-07T16:01:49.6826283+08:00","389930.296875","1564200960","3474567168","159","5714526208","True"
"2026-09-08T00:51:27.6839594+08:00","46852","2026-09-07T16:01:49.6826283+08:00","390176.609375","1577844736","3474567168","159","5699026944","True"
"2026-09-08T00:51:58.0442827+08:00","46852","2026-09-07T16:01:49.6826283+08:00","390419.46875","1572630528","3474567168","159","5531611136","True"
"2026-09-08T00:52:28.3612428+08:00","46852","2026-09-07T16:01:49.6826283+08:00","390596.921875","1581441024","3474567168","159","5434204160","True"
"2026-09-08T00:52:58.6817694+08:00","46852","2026-09-07T16:01:49.6826283+08:00","390766.28125","1575772160","3474567168","159","5529931776","True"
"2026-09-08T00:53:29.0220688+08:00","46852","2026-09-07T16:01:49.6826283+08:00","390930.203125","1573040128","3474567168","159","5480517632","True"
"2026-09-08T00:53:59.3389075+08:00","46852","2026-09-07T16:01:49.6826283+08:00","391094.90625","1580949504","3474567168","159","5655842816","True"
"2026-09-08T00:54:29.6731651+08:00","46852","2026-09-07T16:01:49.6826283+08:00","391262.28125","1571979264","3474567168","159","5419880448","True"
"2026-09-08T00:55:00.0148436+08:00","46852","2026-09-07T16:01:49.6826283+08:00","391429.953125","1582489600","3474567168","159","5654618112","True"
"2026-09-08T00:55:30.3341092+08:00","46852","2026-09-07T16:01:49.6826283+08:00","391596.59375","1564676096","3474567168","159","5496991744","True"
"2026-09-08T00:56:00.6710357+08:00","46852","2026-09-07T16:01:49.6826283+08:00","391762.734375","1572175872","3474567168","159","5679194112","True"
"2026-09-08T00:56:30.9617747+08:00","46852","2026-09-07T16:01:49.6826283+08:00","391927.15625","1578598400","3474567168","159","5516374016","True"
"2026-09-08T00:57:01.2907937+08:00","46852","2026-09-07T16:01:49.6826283+08:00","392094.96875","1558614016","3474567168","159","5565673472","True"
"2026-09-08T00:57:31.6189239+08:00","46852","2026-09-07T16:01:49.6826283+08:00","392259.71875","1580630016","3474567168","159","5601013760","True"
"2026-09-08T00:58:01.9483303+08:00","46852","2026-09-07T16:01:49.6826283+08:00","392423.125","1584668672","3474567168","159","5486108672","True"
"2026-09-08T00:58:32.2578147+08:00","46852","2026-09-07T16:01:49.6826283+08:00","392580.9375","1582620672","3474567168","159","5454782464","True"
"2026-09-08T00:59:02.5829880+08:00","46852","2026-09-07T16:01:49.6826283+08:00","392745.53125","1568808960","3474567168","159","5671792640","True"
"2026-09-08T00:59:32.8954898+08:00","46852","2026-09-07T16:01:49.6826283+08:00","392906.59375","1564848128","3474567168","159","5481193472","True"
"2026-09-08T01:00:03.2285133+08:00","46852","2026-09-07T16:01:49.6826283+08:00","393069.28125","1588625408","3474567168","159","5668241408","True"
"2026-09-08T01:00:33.5490481+08:00","46852","2026-09-07T16:01:49.6826283+08:00","393234.734375","1564852224","3474567168","159","5701279744","True"
"2026-09-08T01:01:03.8617958+08:00","46852","2026-09-07T16:01:49.6826283+08:00","393398.140625","1583419392","3474567168","159","5731831808","True"
"2026-09-08T01:01:34.1865715+08:00","46852","2026-09-07T16:01:49.6826283+08:00","393564.328125","1572057088","3474567168","159","5691088896","True"
"2026-09-08T01:02:04.4055878+08:00","46852","2026-09-07T16:01:49.6826283+08:00","393704.28125","1574453248","3474567168","159","5587988480","True"
"2026-09-08T01:02:34.6384659+08:00","46852","2026-09-07T16:01:49.6826283+08:00","393860.140625","1567461376","3474567168","159","5594365952","True"
"2026-09-08T01:03:04.8350519+08:00","46852","2026-09-07T16:01:49.6826283+08:00","393980.484375","1584787456","3474567168","159","5459709952","True"
"2026-09-08T01:03:35.0230208+08:00","46852","2026-09-07T16:01:49.6826283+08:00","394007.8125","1593774080","3474567168","159","5298765824","True"
"2026-09-08T01:04:05.2051901+08:00","46852","2026-09-07T16:01:49.6826283+08:00","394036.65625","1602928640","3474567168","159","5282025472","True"
"2026-09-08T01:04:35.3917055+08:00","46852","2026-09-07T16:01:49.6826283+08:00","394062.65625","1256833024","3474567168","122","5547102208","True"
